source_id,split
5469,training
13580,training
17834,training
6275,training
16458,training
2226,training
24006,training
13569,training
11435,training
15581,training
13348,training
23515,training
22196,training
5395,training
7043,training
19477,training
12848,training
5699,training
19372,training
433,training
12674,training
23860,training
5473,training
22649,training
645,training
2403,training
9925,training
18654,training
22026,training
17446,training
20159,training
14273,training
18285,training
13089,training
11245,training
890,training
4129,training
2308,training
5236,training
11596,training
18203,training
11554,training
17486,training
20030,training
11059,training
23570,training
15037,training
20110,training
6376,training
19184,training
1807,training
8888,training
18455,training
12312,training
21790,training
23504,training
11215,training
711,training
3858,training
15225,training
5545,training
6144,training
6510,training
13113,training
20163,training
4221,training
10230,training
15366,training
12394,training
11610,training
8543,training
19969,training
655,training
8402,training
21451,training
18949,training
88,training
4879,training
17370,training
2511,training
9077,training
4339,training
24711,training
7380,training
13740,training
24153,training
2866,training
3106,training
9491,training
9352,training
13138,training
19424,training
7694,training
16144,training
4557,training
14708,training
10331,training
22562,training
9557,training
13677,training
11326,training
20075,training
15636,training
2901,training
15022,training
20322,training
1735,training
17429,training
20751,training
22195,training
561,training
5149,training
9374,training
5998,training
5945,training
1420,training
21443,training
6646,training
19615,training
2199,training
3177,training
22761,training
19248,training
14428,training
10629,training
1408,training
18214,training
21260,training
11959,training
5493,training
15116,training
1076,training
2647,training
15905,training
7190,training
11095,training
20132,training
20638,training
3176,training
16602,training
3564,training
2988,training
19625,training
11232,training
19652,training
20768,training
11467,training
19107,training
707,training
17069,training
1271,training
8762,training
4345,training
17847,training
10722,training
818,training
16592,training
2206,training
10505,training
3967,training
22783,training
260,training
23724,training
2671,training
9818,training
9928,training
4759,training
12656,training
10710,training
15097,training
20487,training
8572,training
22104,training
12222,training
6902,training
3876,training
4254,training
1290,training
21095,training
3282,training
24025,training
7952,training
7720,training
14656,training
14495,training
5346,training
21937,training
10182,training
22714,training
10082,training
16986,training
1901,training
24508,training
83,training
12982,training
13766,training
580,training
24061,training
16523,training
10408,training
16229,training
18139,training
8639,training
9804,training
4511,training
23367,training
12828,training
21318,training
5040,training
18795,training
13713,training
6577,training
24739,training
1708,training
13163,training
13595,training
2441,training
8755,training
22153,training
1211,training
23325,training
841,training
14160,training
15254,training
16399,training
16468,training
2992,training
9296,training
9042,training
23408,training
5444,training
5978,training
9675,training
4315,training
14456,training
20388,training
8982,training
21242,training
24615,training
20145,training
16344,training
15743,training
21404,training
21192,training
10772,training
3714,training
24059,training
9141,training
24280,training
2962,training
1080,training
6762,training
15897,training
1249,training
9798,training
978,training
10652,training
14965,training
24327,training
14553,training
22836,training
6111,training
23094,training
12626,training
7563,training
4187,training
8929,training
1552,training
3155,training
2212,training
5865,training
52,training
9649,training
1403,training
16079,training
3035,training
9941,training
16530,training
17241,training
6030,training
7297,training
7442,training
7532,training
20304,training
4691,training
9236,training
3217,training
17401,training
21498,training
5881,training
10779,training
21226,training
15437,training
21633,training
19850,training
16336,training
15128,training
23541,training
15934,training
1598,training
22199,training
6004,training
12429,training
9086,training
5107,training
35,training
2210,training
19327,training
17793,training
13120,training
2507,training
12711,training
7035,training
6918,training
11282,training
24157,training
5439,training
1306,training
23656,training
19603,training
13685,training
18638,training
70,training
6888,training
9864,training
16151,training
23776,training
12022,training
11099,training
4288,training
14725,training
1395,training
5304,training
14888,training
6962,training
14493,training
22718,training
17130,training
18218,training
4906,training
10709,training
17880,training
23404,training
6094,training
12590,training
20855,training
9797,training
784,training
7841,training
4273,training
6716,training
22524,training
17349,training
3379,training
9033,training
12042,training
11572,training
1444,training
17814,training
11963,training
13814,training
15253,training
14779,training
13923,training
18387,training
1906,training
14614,training
8544,training
18858,training
14175,training
3496,training
21758,training
16596,training
18492,training
2579,training
12694,training
5245,training
5710,training
2915,training
7027,training
23666,training
8509,training
7909,training
366,training
198,training
12435,training
4903,training
19882,training
14057,training
4971,training
14070,training
20712,training
12603,training
21755,training
16932,training
9425,training
12366,training
11490,training
8683,training
21752,training
7171,training
11944,training
2375,training
14420,training
21223,training
16457,training
12172,training
12862,training
15659,training
1863,training
19493,training
5607,training
3503,training
20924,training
24316,training
17344,training
5896,training
7627,training
1247,training
12140,training
24617,training
18891,training
23792,training
8821,training
23349,training
13726,training
2187,training
24225,training
1413,training
4055,training
4870,training
10496,training
13287,training
24057,training
8104,training
4088,training
182,training
15000,training
14535,training
16454,training
17797,training
11036,training
20860,training
15488,training
13844,training
9869,training
20127,training
13000,training
9555,training
21676,training
20191,training
8368,training
22709,training
7858,training
3619,training
103,training
2340,training
7020,training
18165,training
12575,training
1019,training
2860,training
7387,training
4667,training
11138,training
5596,training
10925,training
12635,training
13036,training
10716,training
20361,training
5484,training
21721,training
523,training
11728,training
13614,training
18594,training
10254,training
16998,training
1212,training
17499,training
3060,training
3233,training
3305,training
11955,training
10148,training
7963,training
23631,training
10944,training
6285,training
1587,training
7483,training
22810,training
24041,training
1860,training
21728,training
13851,training
8927,training
15453,training
14256,training
8457,training
4979,training
23633,training
10673,training
12715,training
16871,training
17558,training
16042,training
6866,training
11671,training
15089,training
9293,training
16092,training
13530,training
7333,training
6248,training
820,training
20928,training
16131,training
18778,training
12232,training
16445,training
22604,training
5179,training
2887,training
23590,training
8815,training
22698,training
20186,training
4334,training
220,training
7008,training
4109,training
1387,training
4816,training
7130,training
12929,training
8759,training
15751,training
23699,training
14590,training
13825,training
19148,training
7803,training
16270,training
7266,training
20945,training
23538,training
16378,training
224,training
17414,training
22124,training
17357,training
2466,training
19339,training
11092,training
19515,training
6947,training
4134,training
12660,training
14644,training
16685,training
19763,training
16322,training
21565,training
17142,training
308,training
14182,training
9125,training
10824,training
20313,training
8374,training
4277,training
20083,training
114,training
5437,training
3158,training
22015,training
18402,training
18123,training
9667,training
20948,training
23053,training
9405,training
12240,training
23985,training
4505,training
13781,training
4026,training
1325,training
14661,training
15459,training
2553,training
22423,training
24014,training
792,training
6531,training
22988,training
1810,training
11738,training
9953,training
19050,training
6018,training
18253,training
13588,training
12823,training
18166,training
21973,training
4462,training
21849,training
15277,training
23076,training
22738,training
8194,training
13729,training
13134,training
9849,training
7905,training
423,training
21663,training
4567,training
4662,training
14989,training
9396,training
8802,training
16381,training
17661,training
2978,training
20800,training
22421,training
20841,training
10213,training
22890,training
24461,training
17417,training
4408,training
8329,training
4005,training
9223,training
21140,training
14537,training
15082,training
20679,training
617,training
17437,training
14991,training
14931,training
17822,training
16303,training
20204,training
23354,training
11616,training
9540,training
5862,training
14189,training
18259,training
13893,training
20285,training
2673,training
8673,training
19289,training
12419,training
6213,training
15286,training
17243,training
19635,training
14520,training
18497,training
15650,training
7715,training
22936,training
7384,training
1425,training
4769,training
21883,training
22735,training
6495,training
7550,training
8390,training
8892,training
16837,training
1589,training
23372,training
22066,training
16149,training
22476,training
10684,training
2750,training
23434,training
14374,training
12934,training
1411,training
10859,training
4033,training
19832,training
12349,training
15988,training
1590,training
15364,training
18968,training
3041,training
21467,training
3810,training
18313,training
17989,training
343,training
15016,training
20534,training
12169,training
61,training
15088,training
13468,training
8130,training
20384,training
15777,training
14672,training
19275,training
4368,training
12096,training
7648,training
3956,training
1480,training
21577,training
3581,training
4847,training
16123,training
16214,training
18738,training
24645,training
10137,training
12757,training
13130,training
11923,training
8776,training
18173,training
3393,training
19840,training
2457,training
4377,training
9257,training
17277,training
12260,training
10957,training
11609,training
306,training
17173,training
9105,training
13482,training
22667,training
4123,training
16910,training
19004,training
10467,training
18265,training
19307,training
118,training
20961,training
21700,training
3129,training
3474,training
15156,training
5500,training
1788,training
15457,training
22140,training
20230,training
16494,training
2023,training
17704,training
11813,training
21924,training
13865,training
6614,training
22269,training
38,training
15974,training
18292,training
11735,training
1699,training
2134,training
22028,training
16325,training
9585,training
5420,training
15568,training
16917,training
3823,training
13262,training
10176,training
11469,training
24568,training
17462,training
1069,training
3998,training
10731,training
5650,training
4669,training
24629,training
21105,training
7596,training
11231,training
4951,training
16367,training
5413,training
21037,training
11886,training
22687,training
12323,training
9510,training
17616,training
4845,training
21021,training
1142,training
1412,training
13906,training
13341,training
15077,training
7607,training
17108,training
15612,training
4895,training
12208,training
2080,training
21902,training
19792,training
1352,training
21399,training
4021,training
2379,training
5575,training
12528,training
22401,training
3509,training
8862,training
2502,training
20445,training
16193,training
9645,training
16681,training
1722,training
9570,training
17746,training
24563,training
21152,training
5316,training
24675,training
21295,training
4299,training
9872,training
3688,training
22976,training
12127,training
2182,training
1693,training
4724,training
24100,training
20791,training
4833,training
22441,training
10154,training
1464,training
8793,training
3007,training
20837,training
5695,training
21606,training
21890,training
7339,training
10201,training
2394,training
16161,training
19382,training
14688,training
4611,training
11533,training
18255,training
17791,training
9719,training
930,training
22760,training
21544,training
17635,training
13219,training
4954,training
4424,training
14096,training
688,training
16504,training
11742,training
8246,training
7225,training
7542,training
23190,training
13200,training
8984,training
20309,training
17593,training
2251,training
5718,training
1695,training
21845,training
17753,training
20907,training
223,training
11585,training
23661,training
2369,training
22539,training
7247,training
16173,training
20029,training
10665,training
13967,training
8458,training
2528,training
6000,training
8445,training
7814,training
12418,training
10058,training
10371,training
7132,training
18817,training
7771,training
4947,training
2012,training
4562,training
23722,training
807,training
20911,training
9769,training
10518,training
17160,training
3586,training
7776,training
6023,training
24465,training
5935,training
12933,training
24184,training
12800,training
10568,training
4385,training
10117,training
8253,training
11511,training
12865,training
5228,training
8749,training
810,training
10695,training
944,training
8481,training
23090,training
12693,training
21740,training
5069,training
20987,training
10482,training
13793,training
4593,training
13121,training
10126,training
16346,training
20419,training
6550,training
16777,training
15465,training
14974,training
743,training
13041,training
5196,training
7143,training
14540,training
24307,training
22251,training
24436,training
24590,training
6638,training
18080,training
4583,training
8432,training
1680,training
9415,training
819,training
14511,training
4822,training
11056,training
18000,training
10134,training
11833,training
24634,training
12306,training
4351,training
18211,training
3960,training
7063,training
12731,training
15836,training
12792,training
16103,training
151,training
7207,training
13709,training
24588,training
6345,training
22535,training
17732,training
3167,training
18400,training
8610,training
12624,training
5226,training
4413,training
5427,training
18221,training
6884,training
21620,training
2736,training
15135,training
293,training
23745,training
3672,training
8708,training
17351,training
3256,training
10265,training
21801,training
15793,training
15524,training
17257,training
6065,training
2841,training
900,training
2158,training
12249,training
4965,training
10266,training
7621,training
4898,training
22143,training
22958,training
15569,training
19947,training
1478,training
18189,training
19298,training
5770,training
20974,training
3774,training
17878,training
5686,training
22640,training
13892,training
13769,training
10414,training
9104,training
24639,training
7028,training
19252,training
11634,training
24742,training
17724,training
7198,training
11067,training
19140,training
6069,training
3608,training
24499,training
1922,training
3461,training
19095,training
6127,training
13054,training
11839,training
23453,training
22010,training
21605,training
16162,training
23229,training
9775,training
11354,training
11737,training
12489,training
12081,training
7676,training
10458,training
9316,training
10330,training
18996,training
22798,training
22136,training
19667,training
7587,training
15471,training
8812,training
18760,training
10045,training
9423,training
188,training
7146,training
6893,training
18505,training
10549,training
14190,training
7502,training
14286,training
11113,training
19706,training
3494,training
10975,training
5148,training
23918,training
3759,training
10205,training
20399,training
178,training
9307,training
15547,training
23573,training
901,training
22616,training
15601,training
9010,training
5643,training
11789,training
22326,training
5594,training
585,training
22286,training
21080,training
16221,training
23680,training
22668,training
16283,training
23476,training
2888,training
10988,training
9213,training
512,training
6296,training
19702,training
8153,training
24423,training
2487,training
9331,training
18098,training
9442,training
4705,training
5983,training
21249,training
24678,training
13155,training
13807,training
2446,training
3834,training
22486,training
21560,training
24769,training
15279,training
20871,training
14918,training
1787,training
4790,training
10942,training
15869,training
148,training
11824,training
22984,training
9694,training
19406,training
6399,training
267,training
13537,training
431,training
2058,training
2530,training
14973,training
18079,training
16404,training
11256,training
22953,training
7545,training
5700,training
8164,training
11531,training
13,training
10393,training
637,training
24161,training
18429,training
4163,training
3964,training
21056,training
12907,training
8099,training
17346,training
11702,training
771,training
2537,training
12308,training
2625,training
24618,training
11933,training
11033,training
18552,training
9313,training
13504,training
12111,training
13803,training
4251,training
16050,training
4363,training
12512,training
24646,training
23681,training
23410,training
18909,training
3844,training
13927,training
22732,training
754,training
21812,training
15574,training
22328,training
13649,training
3821,training
21109,training
16293,training
8668,training
10790,training
20718,training
11556,training
15194,training
3660,training
8752,training
24434,training
12925,training
19572,training
18391,training
3165,training
15935,training
23976,training
14660,training
12621,training
21501,training
7313,training
7501,training
9721,training
19719,training
15516,training
1500,training
13264,training
21389,training
8694,training
8807,training
14750,training
3822,training
17054,training
11780,training
15118,training
3733,training
4186,training
18403,training
20742,training
18312,training
15878,training
15939,training
726,training
10580,training
21893,training
14675,training
5345,training
15818,training
20239,training
22999,training
11122,training
817,training
15752,training
1396,training
19230,training
17838,training
16120,training
4175,training
19982,training
16178,training
18303,training
14268,training
21674,training
1740,training
1758,training
3462,training
24211,training
22011,training
4937,training
3330,training
23840,training
19775,training
21513,training
22228,training
10293,training
21661,training
17592,training
21020,training
10759,training
2588,training
9838,training
15530,training
10565,training
3094,training
12697,training
2790,training
5270,training
13952,training
3788,training
11060,training
22615,training
22618,training
13989,training
744,training
22275,training
20578,training
16989,training
13359,training
386,training
19648,training
23951,training
51,training
12092,training
3789,training
23375,training
6362,training
6204,training
24626,training
10057,training
10295,training
17395,training
13372,training
4155,training
3765,training
16607,training
4799,training
14307,training
11307,training
3059,training
17053,training
24755,training
17771,training
16015,training
1675,training
15161,training
14502,training
16595,training
16728,training
16688,training
17540,training
15444,training
7375,training
18729,training
2899,training
20448,training
1074,training
22426,training
577,training
20182,training
640,training
15123,training
24077,training
2091,training
3334,training
15876,training
22433,training
15058,training
19966,training
4883,training
1004,training
10552,training
7593,training
7362,training
787,training
23758,training
9379,training
21579,training
7943,training
22434,training
11429,training
4038,training
4420,training
18401,training
3358,training
12634,training
24064,training
1093,training
10062,training
21065,training
1599,training
9179,training
6160,training
24128,training
14607,training
21299,training
8670,training
10980,training
3166,training
2089,training
19865,training
10799,training
23868,training
20780,training
24315,training
17297,training
11666,training
2013,training
4796,training
2922,training
21388,training
13473,training
9493,training
10441,training
11801,training
150,training
12201,training
5266,training
24559,training
14829,training
18670,training
17004,training
22995,training
18017,training
23572,training
16805,training
21654,training
2444,training
23033,training
19624,training
20407,training
16328,training
2307,training
8693,training
7182,training
16000,training
14364,training
5795,training
22917,training
17387,training
15175,training
23893,training
8061,training
16470,training
3979,training
23772,training
547,training
6198,training
23609,training
251,training
5657,training
21315,training
16610,training
8276,training
6035,training
19945,training
19566,training
18592,training
13932,training
21391,training
24668,training
13383,training
24032,training
12348,training
6465,training
16320,training
2126,training
19044,training
16025,training
2088,training
8079,training
4419,training
5525,training
4485,training
3348,training
21053,training
21175,training
19153,training
23310,training
22717,training
18732,training
3198,training
17242,training
22132,training
9271,training
3740,training
6216,training
10300,training
17619,training
5353,training
8496,training
10953,training
7030,training
12584,training
21348,training
18441,training
22609,training
22759,training
19529,training
2106,training
15712,training
13418,training
14362,training
20706,training
20921,training
20936,training
23662,training
15355,training
6042,training
22558,training
12360,training
1262,training
9433,training
11581,training
3347,training
11946,training
18264,training
20023,training
22021,training
8747,training
22176,training
1177,training
19975,training
16813,training
3170,training
5163,training
405,training
1252,training
7061,training
7112,training
4456,training
3204,training
6425,training
18433,training
8451,training
22901,training
15074,training
11513,training
24168,training
17271,training
15063,training
22343,training
15313,training
6810,training
10345,training
20952,training
17452,training
15434,training
16698,training
17644,training
22613,training
14929,training
9245,training
13670,training
8810,training
3837,training
9827,training
24651,training
11001,training
8411,training
22792,training
21480,training
5756,training
13775,training
6409,training
4876,training
22042,training
3401,training
16475,training
14061,training
1748,training
10350,training
23016,training
7018,training
20268,training
9806,training
3847,training
20098,training
17903,training
18047,training
17873,training
24332,training
12677,training
14455,training
23070,training
23363,training
1378,training
430,training
7757,training
9569,training
15064,training
15877,training
2682,training
14323,training
17303,training
13202,training
4148,training
16288,training
9370,training
5012,training
10465,training
8922,training
15527,training
15575,training
19944,training
6197,training
13365,training
19919,training
23040,training
17489,training
11284,training
3312,training
21214,training
20202,training
3189,training
22432,training
14903,training
16083,training
19008,training
17113,training
11618,training
21156,training
9947,training
6546,training
3220,training
12984,training
18438,training
15350,training
1015,training
7798,training
15610,training
14094,training
7039,training
15468,training
7234,training
23275,training
23968,training
23921,training
1258,training
3356,training
13756,training
24063,training
18694,training
17473,training
23499,training
12716,training
13263,training
18210,training
10419,training
24699,training
10645,training
17983,training
12835,training
9147,training
20551,training
21692,training
11520,training
11218,training
12200,training
12633,training
16584,training
21528,training
24694,training
17832,training
11009,training
1763,training
24774,training
8705,training
6211,training
16116,training
3036,training
3132,training
16830,training
5618,training
10996,training
764,training
12459,training
13185,training
13395,training
22457,training
9563,training
12359,training
18507,training
19671,training
5371,training
8142,training
1459,training
19257,training
12703,training
9636,training
13284,training
15980,training
4680,training
6951,training
21541,training
8613,training
1672,training
9387,training
23902,training
15890,training
12977,training
15618,training
23467,training
1112,training
12285,training
7514,training
18485,training
8202,training
13654,training
144,training
3339,training
22551,training
20149,training
22637,training
13919,training
15018,training
16020,training
14958,training
15871,training
20396,training
23418,training
6700,training
19395,training
1826,training
21366,training
23391,training
10054,training
4493,training
16763,training
11703,training
10982,training
24092,training
1821,training
2267,training
21904,training
7341,training
9475,training
23193,training
15401,training
7471,training
6288,training
24427,training
11525,training
10780,training
6757,training
2946,training
22967,training
22915,training
2408,training
14854,training
4079,training
18194,training
8515,training
7808,training
11785,training
10286,training
17207,training
19492,training
15912,training
6012,training
9335,training
20101,training
12392,training
17246,training
11882,training
24411,training
8430,training
16580,training
2760,training
2982,training
12569,training
14591,training
16507,training
10633,training
22660,training
13962,training
20850,training
7490,training
5132,training
4018,training
9706,training
21153,training
2798,training
20091,training
4486,training
21645,training
3742,training
4153,training
17741,training
3012,training
4942,training
21808,training
24666,training
3225,training
6761,training
17706,training
21425,training
21277,training
9389,training
22369,training
7249,training
22533,training
11316,training
1514,training
10585,training
2950,training
10273,training
23099,training
15285,training
2239,training
17381,training
11982,training
24700,training
5450,training
23598,training
14205,training
22847,training
4399,training
15342,training
5537,training
20919,training
23487,training
1776,training
3308,training
5497,training
11355,training
21133,training
20043,training
24630,training
7615,training
13424,training
13230,training
4637,training
1878,training
21073,training
21144,training
7581,training
5121,training
22869,training
13619,training
4581,training
6304,training
7964,training
3073,training
22648,training
5653,training
1522,training
17824,training
11579,training
7529,training
9643,training
7095,training
12600,training
13443,training
2311,training
9066,training
23407,training
23755,training
4412,training
4375,training
19251,training
10593,training
6462,training
18702,training
9527,training
22720,training
2458,training
12207,training
7293,training
21719,training
2886,training
19021,training
18039,training
6486,training
3266,training
4736,training
23535,training
6441,training
9880,training
3963,training
11210,training
24770,training
6823,training
9165,training
18724,training
13199,training
10218,training
18156,training
15001,training
18248,training
16053,training
14302,training
21563,training
24404,training
19647,training
1716,training
19531,training
1604,training
4974,training
14948,training
20252,training
4429,training
4027,training
2605,training
14846,training
18714,training
24701,training
8502,training
17430,training
17727,training
93,training
12279,training
12807,training
2999,training
1966,training
1310,training
17550,training
11674,training
23427,training
14732,training
21851,training
13196,training
12772,training
10158,training
2286,training
10444,training
3361,training
21572,training
16088,training
9438,training
10854,training
17808,training
13925,training
18624,training
22354,training
4761,training
24306,training
4513,training
23072,training
10730,training
15121,training
18853,training
13445,training
5214,training
16753,training
9298,training
12080,training
15141,training
23268,training
11078,training
4994,training
15596,training
49,training
13242,training
1397,training
18906,training
21461,training
19006,training
7944,training
18622,training
15854,training
17072,training
121,training
11180,training
11722,training
17103,training
15498,training
8322,training
9123,training
15691,training
21615,training
19890,training
4867,training
5941,training
4158,training
13410,training
1892,training
20767,training
18617,training
3365,training
1822,training
10696,training
23561,training
20937,training
5382,training
20783,training
17383,training
8467,training
10769,training
2734,training
7741,training
23433,training
17573,training
1594,training
19038,training
7603,training
5133,training
1677,training
1346,training
16555,training
16416,training
19542,training
3476,training
19194,training
9297,training
16421,training
13224,training
18526,training
2741,training
2034,training
13520,training
16544,training
19634,training
18081,training
21816,training
15282,training
19383,training
15473,training
13001,training
20505,training
15736,training
20300,training
16637,training
21761,training
1217,training
18280,training
22398,training
18531,training
23882,training
19446,training
3022,training
2725,training
13352,training
7500,training
4194,training
11249,training
3574,training
23974,training
24108,training
18796,training
5256,training
19996,training
3946,training
5890,training
13997,training
1517,training
11592,training
17352,training
8893,training
10611,training
15177,training
23884,training
7229,training
10372,training
16836,training
965,training
23157,training
17082,training
11269,training
1683,training
23049,training
1143,training
14536,training
17285,training
8757,training
20462,training
1856,training
15353,training
22791,training
15852,training
13216,training
10447,training
6414,training
7252,training
2154,training
6347,training
18361,training
16480,training
7813,training
11580,training
2241,training
1465,training
14144,training
19223,training
7331,training
8362,training
8027,training
17029,training
8407,training
17411,training
20559,training
14313,training
1530,training
10725,training
21741,training
5610,training
11795,training
4457,training
20463,training
9698,training
8228,training
16146,training
2880,training
5974,training
11130,training
13282,training
24378,training
8167,training
4244,training
5077,training
24596,training
8763,training
10094,training
323,training
17584,training
18997,training
338,training
10041,training
20901,training
15329,training
12451,training
12271,training
19425,training
3529,training
14870,training
20471,training
4992,training
24394,training
15259,training
10195,training
10658,training
7167,training
7097,training
437,training
19143,training
3875,training
3057,training
9161,training
7883,training
10887,training
22644,training
23420,training
4357,training
3884,training
17563,training
10557,training
4795,training
17737,training
6503,training
2927,training
2740,training
9716,training
13026,training
8867,training
19386,training
3244,training
409,training
8692,training
23646,training
17287,training
6709,training
15724,training
24162,training
13258,training
19628,training
6024,training
21548,training
20301,training
23174,training
6519,training
4978,training
24543,training
6195,training
1223,training
9100,training
2779,training
2538,training
20428,training
19447,training
13006,training
1503,training
13930,training
14778,training
14271,training
939,training
13780,training
20080,training
15788,training
23079,training
18417,training
9836,training
14115,training
7079,training
15616,training
11602,training
15978,training
8880,training
15868,training
2300,training
11874,training
20342,training
15570,training
9823,training
13866,training
2319,training
22839,training
15356,training
5995,training
777,training
12733,training
17829,training
17743,training
19705,training
1368,training
69,training
3802,training
12813,training
2597,training
16703,training
967,training
21373,training
2970,training
22001,training
507,training
24684,training
6492,training
1259,training
249,training
11263,training
24566,training
8068,training
18719,training
2503,training
18823,training
8323,training
20250,training
10007,training
13669,training
1985,training
14097,training
16425,training
9317,training
13680,training
20932,training
16861,training
21765,training
5372,training
5453,training
6350,training
10387,training
6745,training
10217,training
11761,training
22925,training
1041,training
7799,training
15054,training
8026,training
2424,training
23194,training
8583,training
20922,training
9189,training
440,training
24555,training
22713,training
5766,training
5024,training
10670,training
17571,training
12402,training
23279,training
12053,training
5788,training
21938,training
21230,training
6854,training
10897,training
16783,training
1586,training
10947,training
20150,training
2092,training
7011,training
3905,training
13094,training
1304,training
11468,training
20616,training
1109,training
13076,training
7554,training
20386,training
18883,training
3323,training
5299,training
1843,training
7438,training
21128,training
1022,training
12721,training
22702,training
19039,training
8134,training
3565,training
10289,training
12338,training
10656,training
11368,training
3951,training
10473,training
1056,training
16109,training
2108,training
14496,training
22370,training
13703,training
13736,training
15297,training
2833,training
2699,training
7159,training
947,training
17929,training
9404,training
5352,training
6472,training
19721,training
13904,training
8905,training
12481,training
7533,training
10990,training
12839,training
22227,training
5792,training
18937,training
13981,training
13061,training
7129,training
17198,training
643,training
17526,training
16965,training
15829,training
14309,training
4891,training
9993,training
16574,training
1578,training
9795,training
3694,training
17368,training
19555,training
23457,training
7695,training
17654,training
18811,training
6221,training
17301,training
7511,training
2321,training
22939,training
21944,training
12755,training
1707,training
6487,training
20629,training
21099,training
11126,training
16739,training
12485,training
14759,training
3093,training
7544,training
7119,training
10877,training
13635,training
4570,training
17789,training
445,training
21459,training
4831,training
16857,training
18785,training
4093,training
8536,training
8377,training
17823,training
12398,training
22853,training
7423,training
3020,training
16838,training
23289,training
21438,training
16180,training
10732,training
12388,training
13017,training
1932,training
14655,training
10111,training
20321,training
11331,training
9439,training
4764,training
18341,training
3902,training
3491,training
15150,training
16999,training
8970,training
9812,training
14950,training
12498,training
5526,training
17774,training
9761,training
3350,training
14666,training
5844,training
19923,training
3092,training
10340,training
14524,training
2081,training
20173,training
2688,training
5690,training
22297,training
7062,training
2824,training
21398,training
4917,training
7400,training
13711,training
20564,training
20965,training
7433,training
14543,training
8382,training
14659,training
19451,training
11633,training
11359,training
11606,training
1673,training
10983,training
2242,training
8207,training
4859,training
14430,training
13416,training
24224,training
17516,training
12863,training
18071,training
4468,training
5649,training
5794,training
13557,training
5986,training
2002,training
1472,training
14303,training
2155,training
10654,training
1239,training
15151,training
22729,training
23472,training
8297,training
5728,training
4970,training
7957,training
8854,training
2204,training
2229,training
11197,training
19312,training
15129,training
17693,training
14177,training
11115,training
17754,training
20236,training
21813,training
10899,training
1850,training
19475,training
10609,training
17388,training
17048,training
6126,training
15893,training
11272,training
3263,training
14024,training
5118,training
1830,training
11220,training
14953,training
19949,training
15352,training
12051,training
17998,training
21006,training
4941,training
3314,training
4921,training
2473,training
2293,training
7206,training
762,training
16840,training
10226,training
13052,training
14768,training
16276,training
15862,training
6705,training
17888,training
20632,training
5517,training
5166,training
23308,training
21304,training
13776,training
10868,training
12078,training
16272,training
7643,training
17657,training
7646,training
16814,training
11871,training
18568,training
24000,training
12919,training
21069,training
11530,training
4177,training
950,training
24738,training
18849,training
15843,training
9916,training
868,training
14988,training
2990,training
4767,training
17656,training
3232,training
13977,training
23480,training
680,training
3750,training
4325,training
22622,training
2276,training
1005,training
14844,training
2209,training
13019,training
15086,training
20359,training
5084,training
12193,training
22097,training
18299,training
18758,training
5688,training
16649,training
6281,training
4860,training
12902,training
5205,training
12698,training
18960,training
18254,training
10794,training
7573,training
20599,training
3464,training
2465,training
1836,training
20484,training
9851,training
13093,training
23645,training
22600,training
3388,training
16200,training
14925,training
8672,training
213,training
13770,training
7138,training
20135,training
21739,training
21519,training
11587,training
17025,training
8442,training
18407,training
15654,training
9430,training
835,training
730,training
9624,training
7084,training
17457,training
8318,training
16924,training
21796,training
750,training
12095,training
4044,training
21910,training
3219,training
13778,training
16481,training
1783,training
1291,training
23668,training
11613,training
13265,training
6616,training
12154,training
12783,training
16253,training
20054,training
13495,training
21771,training
17199,training
23178,training
1237,training
12939,training
13488,training
4039,training
15051,training
8017,training
15642,training
16170,training
16417,training
19809,training
16195,training
9050,training
21294,training
4751,training
6278,training
23988,training
12124,training
19009,training
2387,training
17092,training
15914,training
14579,training
15700,training
4824,training
17161,training
23629,training
20090,training
4489,training
21024,training
241,training
8095,training
2697,training
6827,training
14378,training
3651,training
15011,training
19595,training
19758,training
5528,training
14927,training
13291,training
13591,training
3004,training
6890,training
18461,training
17153,training
21818,training
1140,training
20440,training
9041,training
5227,training
18962,training
10365,training
20931,training
7316,training
12993,training
10939,training
16099,training
5208,training
8498,training
17188,training
4353,training
21339,training
6990,training
10763,training
2047,training
2104,training
4654,training
5729,training
8990,training
8392,training
18923,training
21831,training
18828,training
10808,training
2900,training
21351,training
4602,training
15180,training
6481,training
15800,training
18049,training
3437,training
2440,training
15823,training
14610,training
684,training
11298,training
24337,training
7986,training
8745,training
6738,training
16188,training
13671,training
15857,training
19524,training
12411,training
5140,training
6984,training
15554,training
13662,training
17947,training
14837,training
13871,training
23364,training
19849,training
5003,training
16824,training
1161,training
4095,training
17001,training
7946,training
3889,training
1827,training
21783,training
16540,training
21004,training
17339,training
17416,training
21001,training
17360,training
17511,training
14393,training
9594,training
8250,training
18914,training
13653,training
10302,training
22154,training
22545,training
9805,training
2547,training
2116,training
16776,training
921,training
18595,training
23302,training
22088,training
9512,training
8020,training
23340,training
23965,training
5847,training
22778,training
15804,training
21033,training
17963,training
9132,training
1075,training
1182,training
4609,training
3986,training
12811,training
19441,training
2730,training
7398,training
9984,training
1853,training
22796,training
17542,training
12720,training
9654,training
18998,training
20245,training
24633,training
22593,training
19022,training
4884,training
1047,training
10377,training
23616,training
14884,training
14640,training
14861,training
10178,training
21003,training
14835,training
21177,training
21334,training
15940,training
23012,training
4124,training
7609,training
15651,training
5051,training
3373,training
13722,training
5281,training
17315,training
4324,training
3288,training
11822,training
23028,training
14418,training
14479,training
3190,training
23152,training
23414,training
8114,training
17712,training
19466,training
17560,training
14892,training
9032,training
21171,training
7719,training
1887,training
23421,training
2787,training
11262,training
19360,training
139,training
3989,training
7933,training
17830,training
2934,training
23754,training
21644,training
5731,training
5873,training
14936,training
14109,training
3054,training
11281,training
12858,training
16606,training
19333,training
19876,training
15349,training
6381,training
8686,training
1702,training
4199,training
5359,training
1897,training
12450,training
23084,training
6256,training
17475,training
11045,training
17223,training
11302,training
18022,training
9714,training
20665,training
15339,training
19863,training
20317,training
10928,training
20701,training
19244,training
17211,training
22394,training
16113,training
16482,training
9732,training
14089,training
4653,training
8733,training
12167,training
4383,training
10950,training
7531,training
9539,training
4458,training
10900,training
13133,training
10463,training
19154,training
13787,training
12998,training
17953,training
12778,training
22856,training
11201,training
4673,training
15605,training
8765,training
8889,training
18138,training
12556,training
21408,training
9935,training
9500,training
4100,training
20444,training
3014,training
10169,training
19313,training
19779,training
16289,training
14375,training
4164,training
9765,training
23966,training
5301,training
16622,training
18545,training
23782,training
19618,training
16447,training
147,training
22671,training
7093,training
22077,training
8741,training
4390,training
3297,training
11952,training
931,training
7692,training
3099,training
9772,training
16291,training
3855,training
4309,training
15230,training
2098,training
20246,training
8579,training
9511,training
8156,training
12645,training
9131,training
20220,training
21871,training
2166,training
20657,training
20315,training
11466,training
7276,training
2919,training
19317,training
20988,training
9428,training
23104,training
16794,training
20243,training
8024,training
6164,training
4623,training
9098,training
23046,training
109,training
5037,training
3625,training
13843,training
10844,training
2400,training
18086,training
20446,training
8542,training
18386,training
16043,training
20686,training
1825,training
4150,training
9291,training
5989,training
15192,training
10109,training
3157,training
104,training
24129,training
20489,training
2907,training
43,training
12708,training
8976,training
11806,training
20198,training
19918,training
6073,training
24691,training
16756,training
17725,training
12741,training
20554,training
6784,training
18877,training
20372,training
22930,training
17032,training
3896,training
1921,training
2119,training
11631,training
10986,training
20383,training
18677,training
19963,training
4843,training
22972,training
20282,training
13818,training
12676,training
4497,training
13115,training
6839,training
2968,training
20810,training
277,training
2545,training
24505,training
8539,training
8400,training
8626,training
12150,training
8845,training
22487,training
4514,training
18980,training
13305,training
4531,training
17031,training
18434,training
7922,training
3493,training
11492,training
9356,training
11983,training
12211,training
3995,training
18700,training
17589,training
24758,training
4034,training
9167,training
10945,training
9623,training
780,training
17837,training
521,training
5362,training
18468,training
10795,training
18806,training
11303,training
5515,training
14834,training
8120,training
11894,training
22415,training
10275,training
23818,training
6958,training
19951,training
11597,training
18382,training
1356,training
5860,training
15332,training
384,training
1334,training
14702,training
16707,training
10346,training
6157,training
1910,training
7124,training
10588,training
22703,training
4172,training
337,training
4962,training
17561,training
22331,training
4558,training
11154,training
9246,training
3535,training
9334,training
3754,training
19348,training
6564,training
13031,training
7105,training
12425,training
10337,training
1757,training
10604,training
24101,training
14422,training
17905,training
11856,training
16452,training
17840,training
20486,training
4362,training
8966,training
3899,training
19427,training
24650,training
20404,training
8208,training
19202,training
22186,training
6710,training
24654,training
8753,training
11146,training
20433,training
10567,training
11305,training
16080,training
2149,training
14473,training
12243,training
3443,training
10274,training
3609,training
10535,training
3238,training
16060,training
7536,training
23520,training
22385,training
41,training
19750,training
5569,training
21005,training
6008,training
7999,training
17494,training
18372,training
6609,training
12776,training
4122,training
11449,training
22670,training
7420,training
7003,training
11261,training
17327,training
24407,training
22882,training
7965,training
20604,training
22237,training
17235,training
23389,training
629,training
14651,training
4521,training
11699,training
12122,training
16747,training
16401,training
12336,training
20041,training
13554,training
14860,training
3626,training
8333,training
15677,training
23821,training
6158,training
1859,training
20508,training
8511,training
16424,training
22641,training
16316,training
22165,training
5583,training
2417,training
7378,training
21884,training
19281,training
12006,training
21873,training
842,training
3082,training
20458,training
19694,training
13137,training
2170,training
13288,training
21538,training
9973,training
5251,training
19783,training
10124,training
1995,training
23209,training
8060,training
12328,training
2470,training
9448,training
17794,training
17819,training
12653,training
16887,training
15023,training
21505,training
17472,training
7959,training
1944,training
514,training
17778,training
7496,training
13785,training
10691,training
4500,training
7904,training
3677,training
15423,training
10857,training
10762,training
23702,training
23054,training
1342,training
3283,training
875,training
649,training
9590,training
945,training
21602,training
1567,training
13531,training
17095,training
8160,training
1837,training
23439,training
4066,training
5419,training
3271,training
11935,training
443,training
9410,training
12146,training
16084,training
847,training
8706,training
9019,training
19023,training
6328,training
14852,training
349,training
19495,training
7670,training
12015,training
1203,training
5478,training
6162,training
10291,training
19538,training
20933,training
13161,training
10513,training
20691,training
20104,training
14022,training
298,training
3691,training
11561,training
3227,training
6520,training
3251,training
24448,training
4750,training
22679,training
7658,training
12484,training
18373,training
20773,training
15484,training
10561,training
11405,training
9274,training
1839,training
12471,training
21699,training
17874,training
2313,training
21836,training
5141,training
496,training
20674,training
3878,training
8146,training
23530,training
12345,training
13604,training
17020,training
16868,training
4327,training
17374,training
441,training
4373,training
10686,training
23608,training
20667,training
22639,training
23981,training
4440,training
8477,training
6139,training
2657,training
3914,training
15564,training
12327,training
18567,training
4955,training
19985,training
19385,training
5730,training
10934,training
10059,training
9076,training
6786,training
7059,training
19026,training
4685,training
1724,training
6642,training
5540,training
23466,training
5558,training
11575,training
9195,training
458,training
2631,training
16755,training
543,training
13732,training
15124,training
19687,training
17804,training
14849,training
19939,training
13421,training
5102,training
23416,training
8403,training
5103,training
13954,training
22079,training
9129,training
11058,training
689,training
11988,training
5244,training
18337,training
20070,training
2729,training
23239,training
14933,training
14512,training
6102,training
16210,training
18108,training
16327,training
22039,training
15587,training
13142,training
23956,training
4222,training
23165,training
6993,training
20044,training
5751,training
8032,training
9660,training
1852,training
18642,training
10367,training
2969,training
5310,training
16851,training
10234,training
20953,training
20272,training
18990,training
6641,training
9642,training
11945,training
15541,training
9600,training
5639,training
16226,training
11940,training
1953,training
13990,training
13548,training
16629,training
5598,training
7299,training
4806,training
20755,training
20479,training
10108,training
6114,training
9909,training
23248,training
15422,training
1300,training
1671,training
11185,training
18036,training
9550,training
12680,training
10778,training
3100,training
22115,training
13765,training
8588,training
247,training
23160,training
22065,training
17148,training
23835,training
10037,training
2000,training
22257,training
3814,training
4053,training
8005,training
6543,training
12284,training
16571,training
1090,training
7258,training
16930,training
24156,training
5904,training
19620,training
21855,training
2693,training
12235,training
12625,training
16751,training
18249,training
15813,training
23727,training
6930,training
11912,training
2017,training
3580,training
21635,training
6435,training
5079,training
16334,training
21441,training
6334,training
11285,training
3455,training
5422,training
3939,training
11655,training
13960,training
15786,training
21738,training
383,training
21532,training
10096,training
19498,training
14843,training
13250,training
4590,training
22797,training
7631,training
1623,training
5990,training
6824,training
4586,training
13080,training
5255,training
703,training
10311,training
8945,training
11061,training
14633,training
16889,training
3558,training
9881,training
5713,training
18164,training
24669,training
7065,training
21507,training
6217,training
2574,training
10464,training
3154,training
22503,training
8401,training
13911,training
21636,training
17087,training
8660,training
2616,training
11807,training
20746,training
9853,training
13235,training
6718,training
6865,training
10818,training
21608,training
14298,training
13846,training
3864,training
12515,training
15555,training
14532,training
3520,training
647,training
12077,training
1661,training
664,training
6878,training
4940,training
14383,training
5829,training
12592,training
19841,training
14889,training
3006,training
2902,training
12305,training
10177,training
19232,training
13700,training
9284,training
16056,training
22250,training
15756,training
19591,training
17131,training
6231,training
12070,training
2492,training
24355,training
20651,training
4421,training
2412,training
13749,training
6400,training
19132,training
2471,training
5599,training
5789,training
7233,training
20447,training
14822,training
20829,training
6129,training
13705,training
17551,training
419,training
22008,training
12145,training
21035,training
15931,training
11147,training
20893,training
19517,training
23137,training
2912,training
10920,training
13823,training
10221,training
14596,training
127,training
1803,training
1133,training
6193,training
23212,training
15592,training
235,training
11101,training
14842,training
22287,training
6411,training
16055,training
17952,training
15385,training
22769,training
2043,training
6831,training
11373,training
17024,training
19052,training
18319,training
13799,training
12454,training
651,training
4453,training
6119,training
14803,training
11878,training
8957,training
1466,training
14260,training
538,training
14086,training
6368,training
9034,training
2580,training
23937,training
8906,training
17731,training
20134,training
17740,training
9821,training
5222,training
19494,training
5543,training
13401,training
13382,training
15742,training
6489,training
2407,training
18982,training
13601,training
9358,training
9943,training
10159,training
9081,training
17535,training
1463,training
15409,training
19375,training
10076,training
20483,training
12886,training
21411,training
21314,training
13762,training
8394,training
1640,training
5910,training
1144,training
5314,training
20350,training
10031,training
690,training
18479,training
14020,training
5150,training
20111,training
23885,training
870,training
22965,training
12546,training
2803,training
795,training
17883,training
12616,training
17785,training
20642,training
19708,training
8102,training
21151,training
1091,training
17944,training
23258,training
24111,training
13312,training
13644,training
24503,training
4219,training
18954,training
9412,training
4516,training
15635,training
5853,training
23778,training
12836,training
8173,training
12225,training
9286,training
15746,training
7548,training
17702,training
2019,training
5947,training
10187,training
4506,training
19422,training
13455,training
2985,training
20634,training
11664,training
11264,training
9760,training
17335,training
21381,training
5905,training
3838,training
1556,training
9862,training
7251,training
6909,training
17347,training
5631,training
12220,training
15191,training
21898,training
11270,training
4935,training
16155,training
6821,training
24399,training
19686,training
8263,training
20909,training
12898,training
18815,training
2591,training
21106,training
19380,training
86,training
19612,training
7317,training
12549,training
2925,training
32,training
14230,training
24435,training
2972,training
11623,training
12097,training
1560,training
18067,training
13674,training
22824,training
11143,training
5679,training
14546,training
8960,training
19024,training
6050,training
24387,training
15312,training
1218,training
4484,training
18530,training
24288,training
9954,training
4855,training
13064,training
20012,training
6846,training
6582,training
7562,training
11184,training
8911,training
7612,training
21713,training
4981,training
17937,training
19806,training
13420,training
16017,training
16979,training
22772,training
6058,training
24597,training
4117,training
5694,training
5628,training
3819,training
9658,training
8152,training
1392,training
11098,training
15785,training
15223,training
23852,training
8305,training
6269,training
16619,training
8624,training
8842,training
8301,training
10984,training
14620,training
11552,training
14154,training
5757,training
14310,training
8386,training
9102,training
1127,training
11106,training
20073,training
13686,training
15996,training
21120,training
15965,training
24433,training
20668,training
10468,training
20532,training
20523,training
22552,training
10451,training
5550,training
6145,training
3980,training
9333,training
24139,training
11196,training
18759,training
7935,training
13486,training
1298,training
4195,training
11384,training
16371,training
13513,training
20883,training
12861,training
2190,training
3525,training
22007,training
24047,training
23134,training
23265,training
3316,training
12820,training
10069,training
6793,training
4380,training
22122,training
10168,training
6804,training
4678,training
23283,training
1739,training
2024,training
4851,training
551,training
12883,training
4428,training
650,training
4834,training
3202,training
5060,training
2228,training
17565,training
23971,training
17978,training
3636,training
13695,training
14306,training
1210,training
18087,training
22691,training
15565,training
4262,training
18445,training
20086,training
18841,training
21412,training
22590,training
12263,training
12805,training
12921,training
24255,training
13028,training
29,training
14471,training
6898,training
19935,training
22316,training
3693,training
23003,training
1238,training
8013,training
21121,training
23838,training
13681,training
9546,training
7787,training
21046,training
559,training
22222,training
2627,training
11815,training
16717,training
12186,training
9463,training
2630,training
1606,training
19490,training
7982,training
8000,training
4896,training
113,training
5325,training
4560,training
6130,training
11077,training
848,training
12749,training
4481,training
196,training
3756,training
16539,training
5735,training
1555,training
8607,training
5805,training
10600,training
23260,training
304,training
23456,training
6608,training
5108,training
14578,training
19235,training
19127,training
23735,training
290,training
17220,training
15797,training
14366,training
12981,training
1318,training
24489,training
24073,training
19937,training
1431,training
10589,training
24003,training
22799,training
7463,training
18788,training
24262,training
8873,training
20698,training
17165,training
9875,training
9043,training
16411,training
6651,training
17487,training
15982,training
18772,training
21658,training
22942,training
6952,training
11591,training
22782,training
678,training
13545,training
17554,training
23129,training
1760,training
24258,training
17373,training
14812,training
21067,training
7997,training
13620,training
20796,training
13189,training
16058,training
8947,training
18247,training
8115,training
1235,training
15323,training
21800,training
7886,training
23419,training
10102,training
11391,training
21521,training
16302,training
15689,training
14462,training
20138,training
4336,training
12421,training
16026,training
6261,training
422,training
13249,training
12086,training
11387,training
7967,training
4314,training
16045,training
1233,training
10039,training
22950,training
15519,training
1103,training
3249,training
4245,training
3040,training
21857,training
8604,training
490,training
624,training
12431,training
16538,training
24470,training
17259,training
14425,training
3554,training
4768,training
2145,training
16019,training
15003,training
21457,training
932,training
10490,training
560,training
17166,training
1539,training
14647,training
3654,training
6701,training
15846,training
13774,training
1732,training
23039,training
778,training
6290,training
11537,training
12115,training
15557,training
9017,training
8425,training
12195,training
15400,training
17393,training
1667,training
17319,training
461,training
16711,training
22323,training
21216,training
19399,training
9299,training
4683,training
12448,training
17854,training
6625,training
16640,training
14663,training
22983,training
15972,training
3936,training
9190,training
21566,training
15997,training
24089,training
15256,training
8965,training
16308,training
15776,training
937,training
14885,training
14358,training
6360,training
4689,training
7364,training
10961,training
20734,training
4661,training
18921,training
9065,training
1742,training
2665,training
11665,training
19997,training
22044,training
17091,training
22020,training
7393,training
23677,training
11069,training
14793,training
14110,training
5318,training
11251,training
6815,training
5011,training
1137,training
4999,training
1193,training
10952,training
2196,training
7278,training
19680,training
11619,training
22270,training
13254,training
982,training
21862,training
1382,training
867,training
11903,training
10803,training
2641,training
5656,training
8367,training
14997,training
12631,training
18612,training
19516,training
13331,training
21384,training
23381,training
92,training
10299,training
20802,training
5708,training
7970,training
13053,training
18966,training
13267,training
9691,training
14411,training
20326,training
19325,training
12058,training
20596,training
5814,training
10978,training
14646,training
21116,training
7173,training
7219,training
4789,training
4291,training
3907,training
21185,training
12087,training
10378,training
16729,training
17522,training
16441,training
1432,training
9202,training
13281,training
17934,training
6976,training
1713,training
13102,training
5634,training
16863,training
1351,training
11545,training
13884,training
34,training
20053,training
31,training
12702,training
14932,training
3920,training
149,training
19499,training
12423,training
5082,training
22970,training
11621,training
21547,training
8052,training
14200,training
2762,training
13718,training
6055,training
9545,training
20353,training
20730,training
3009,training
22607,training
23911,training
1679,training
195,training
20223,training
23315,training
11563,training
14848,training
8644,training
20929,training
19191,training
14254,training
3079,training
2328,training
20031,training
13318,training
18671,training
13491,training
19824,training
18058,training
14654,training
3119,training
4403,training
5903,training
22517,training
7842,training
11087,training
3061,training
23904,training
558,training
23147,training
24764,training
10380,training
21162,training
14939,training
1003,training
24218,training
9231,training
10885,training
8740,training
11768,training
15949,training
22842,training
13149,training
8962,training
11711,training
11206,training
19034,training
11622,training
2192,training
18895,training
9159,training
15887,training
21141,training
20927,training
23215,training
13878,training
15183,training
22419,training
13744,training
22592,training
6404,training
15278,training
21229,training
5943,training
16834,training
23488,training
24040,training
7591,training
992,training
19715,training
3599,training
13895,training
9958,training
1596,training
10257,training
14567,training
8796,training
21203,training
21048,training
22541,training
8599,training
11194,training
14720,training
6914,training
2197,training
7553,training
9972,training
8504,training
18822,training
20120,training
21160,training
1273,training
6420,training
75,training
14229,training
13712,training
16483,training
7019,training
8422,training
6361,training
24293,training
18145,training
9975,training
14550,training
10355,training
18541,training
19558,training
20341,training
15317,training
21780,training
12670,training
3019,training
6047,training
8570,training
21554,training
2954,training
13203,training
22651,training
17493,training
6322,training
10618,training
14993,training
8800,training
14935,training
15119,training
24313,training
19900,training
24269,training
18916,training
9656,training
24103,training
1096,training
9351,training
3307,training
3318,training
21969,training
3213,training
724,training
3813,training
17562,training
17035,training
8841,training
14562,training
17548,training
10869,training
12449,training
21052,training
1498,training
9708,training
6936,training
11950,training
11188,training
21984,training
9469,training
8985,training
18939,training
9170,training
12985,training
693,training
18570,training
19602,training
10313,training
3405,training
14421,training
2806,training
13469,training
17261,training
7968,training
19243,training
15693,training
4249,training
22561,training
17831,training
5724,training
18907,training
5752,training
23299,training
23380,training
24286,training
12383,training
3593,training
5320,training
2613,training
15162,training
20709,training
10,training
20349,training
3635,training
24689,training
4786,training
22412,training
18661,training
22208,training
8116,training
5871,training
8025,training
14474,training
12586,training
13841,training
22700,training
20493,training
8832,training
6097,training
14023,training
13917,training
21261,training
24580,training
14127,training
3747,training
21651,training
23636,training
21511,training
13032,training
4209,training
13651,training
24298,training
12548,training
3546,training
12559,training
10804,training
13388,training
13772,training
11697,training
16759,training
6512,training
5312,training
21281,training
8582,training
1492,training
23086,training
13396,training
23859,training
24232,training
17316,training
7906,training
17066,training
21028,training
22246,training
8614,training
19398,training
8417,training
20983,training
5175,training
19931,training
1399,training
11889,training
10113,training
5606,training
8371,training
1543,training
21297,training
9295,training
21768,training
8491,training
13437,training
669,training
13518,training
21718,training
8427,training
10755,training
2877,training
7700,training
5750,training
13592,training
4235,training
4551,training
6906,training
19532,training
16069,training
7021,training
1171,training
24112,training
18948,training
18852,training
10110,training
11695,training
9944,training
7201,training
20895,training
17247,training
9911,training
21998,training
17707,training
12170,training
8983,training
23523,training
22811,training
12718,training
18472,training
3011,training
17224,training
18978,training
22425,training
10598,training
2520,training
7218,training
4814,training
3801,training
18984,training
4812,training
18262,training
15566,training
4544,training
12342,training
15576,training
23088,training
17776,training
12364,training
14625,training
22123,training
7467,training
14384,training
758,training
6289,training
6927,training
3319,training
11915,training
6533,training
3343,training
3454,training
8191,training
15795,training
14994,training
23719,training
18142,training
17313,training
17633,training
3812,training
7391,training
14631,training
11691,training
16450,training
17193,training
24065,training
23979,training
19017,training
6499,training
3562,training
8307,training
14255,training
18521,training
20852,training
8552,training
1443,training
6092,training
20600,training
23245,training
23320,training
24463,training
21623,training
5513,training
5878,training
19122,training
16521,training
8094,training
21675,training
3435,training
20169,training
11658,training
8783,training
20541,training
16410,training
136,training
17159,training
23653,training
24740,training
22954,training
13108,training
22393,training
23449,training
1666,training
16248,training
23592,training
1423,training
5949,training
17805,training
1670,training
846,training
23254,training
23869,training
5193,training
22090,training
5836,training
24236,training
16471,training
13912,training
24360,training
2976,training
6509,training
11111,training
6983,training
4002,training
19291,training
6581,training
8697,training
13389,training
7675,training
2691,training
17023,training
7260,training
12524,training
10227,training
16652,training
1862,training
3042,training
28,training
2225,training
17318,training
12866,training
1362,training
6226,training
11339,training
9787,training
13056,training
9626,training
22233,training
17655,training
2373,training
6741,training
6732,training
17810,training
23944,training
2454,training
2419,training
9445,training
1167,training
12093,training
8361,training
21499,training
19436,training
1320,training
23806,training
7594,training
14961,training
21650,training
15394,training
3736,training
14505,training
472,training
5095,training
15040,training
10163,training
8097,training
9809,training
18781,training
4013,training
16039,training
20405,training
22243,training
4668,training
14547,training
15239,training
2377,training
10200,training
2540,training
1205,training
18991,training
7051,training
19843,training
8632,training
17896,training
1332,training
16074,training
21777,training
21011,training
2171,training
15665,training
15772,training
7902,training
2336,training
1000,training
12416,training
5290,training
6938,training
12587,training
11439,training
23227,training
10135,training
273,training
13018,training
11015,training
5231,training
9466,training
8475,training
18188,training
13972,training
19545,training
4477,training
12664,training
16856,training
10025,training
11182,training
22496,training
14400,training
962,training
12116,training
18321,training
510,training
21371,training
20348,training
24344,training
17179,training
12033,training
3414,training
8712,training
19060,training
7484,training
17614,training
10936,training
5049,training
4304,training
11566,training
1341,training
10050,training
12785,training
3560,training
15891,training
18355,training
15062,training
4746,training
4819,training
12299,training
24549,training
12176,training
1364,training
19959,training
20492,training
14131,training
20022,training
19118,training
5415,training
1468,training
14937,training
7680,training
4218,training
21788,training
8636,training
12147,training
6170,training
5813,training
3103,training
24127,training
63,training
14800,training
19200,training
4442,training
5327,training
14765,training
2381,training
5837,training
24475,training
295,training
21537,training
6900,training
18390,training
23116,training
7183,training
22100,training
23878,training
7351,training
12062,training
20637,training
18408,training
12390,training
16064,training
24698,training
9580,training
10297,training
21072,training
20058,training
11360,training
22773,training
7410,training
17760,training
17102,training
8671,training
5411,training
615,training
21766,training
14150,training
13639,training
6796,training
14731,training
7606,training
9263,training
21564,training
24178,training
11639,training
23511,training
14047,training
10941,training
12274,training
8327,training
16049,training
19633,training
8065,training
22575,training
19433,training
9586,training
3549,training
11951,training
13883,training
10479,training
16037,training
499,training
3141,training
13707,training
16315,training
14001,training
14628,training
12196,training
10223,training
1371,training
9589,training
5026,training
6298,training
4333,training
21326,training
24729,training
211,training
4082,training
12261,training
3568,training
7023,training
12507,training
24442,training
20144,training
13178,training
9234,training
10509,training
2788,training
7742,training
5818,training
10188,training
22171,training
16338,training
16390,training
503,training
22634,training
20662,training
23252,training
18549,training
8750,training
23017,training
5183,training
6599,training
20822,training
8531,training
21200,training
14163,training
3732,training
1949,training
9085,training
20437,training
13568,training
11447,training
15501,training
5412,training
1045,training
9235,training
15718,training
7326,training
23161,training
8416,training
8547,training
6972,training
7094,training
19274,training
5877,training
13859,training
14186,training
23586,training
4615,training
6267,training
4512,training
16564,training
8600,training
9921,training
14068,training
19292,training
22997,training
6138,training
18667,training
11741,training
1963,training
10534,training
12909,training
7735,training
23720,training
11038,training
17697,training
19925,training
17453,training
18835,training
20745,training
3459,training
6247,training
17583,training
8754,training
23432,training
14357,training
11855,training
16429,training
12389,training
221,training
11870,training
9140,training
389,training
22877,training
7322,training
9312,training
24023,training
23527,training
3661,training
16061,training
10608,training
9487,training
9074,training
13752,training
11250,training
10190,training
21233,training
14128,training
18054,training
1736,training
22046,training
11638,training
16525,training
23743,training
17820,training
3396,training
3425,training
23844,training
13812,training
22655,training
5762,training
12436,training
22722,training
15832,training
22006,training
17671,training
6857,training
5982,training
2636,training
14251,training
13879,training
6428,training
9244,training
24122,training
15688,training
20785,training
3870,training
15923,training
18969,training
18498,training
5532,training
19650,training
16700,training
12089,training
20124,training
20944,training
19908,training
8811,training
9120,training
2250,training
14836,training
3595,training
451,training
4580,training
15207,training
14440,training
20432,training
22885,training
12367,training
15148,training
8340,training
5856,training
18364,training
321,training
7076,training
2390,training
3472,training
8192,training
10834,training
16888,training
22056,training
17451,training
6855,training
14263,training
14243,training
14095,training
10288,training
15630,training
11692,training
3243,training
13615,training
19571,training
14813,training
6808,training
9625,training
7188,training
13890,training
4495,training
15825,training
12543,training
9414,training
9595,training
15438,training
17608,training
4433,training
18317,training
18034,training
23392,training
3833,training
11032,training
13733,training
15522,training
21475,training
19744,training
6370,training
23558,training
14414,training
13720,training
11053,training
23386,training
10366,training
6844,training
13448,training
24398,training
3487,training
8292,training
110,training
16792,training
10100,training
3997,training
2626,training
9518,training
1355,training
13205,training
23475,training
20255,training
19070,training
24146,training
23306,training
11073,training
11509,training
5660,training
36,training
20401,training
19642,training
9062,training
1454,training
5229,training
13474,training
254,training
9914,training
21308,training
15679,training
19790,training
18393,training
2376,training
8064,training
14166,training
10278,training
5585,training
13492,training
9208,training
21055,training
9094,training
4988,training
19084,training
18510,training
16287,training
10341,training
14141,training
24687,training
1572,training
6681,training
344,training
14429,training
3171,training
14240,training
1659,training
21725,training
18890,training
11802,training
6689,training
19374,training
10033,training
10394,training
22654,training
14327,training
11769,training
23121,training
19889,training
1064,training
4035,training
7900,training
9384,training
13887,training
18900,training
12153,training
21662,training
13867,training
6968,training
17539,training
1141,training
18576,training
16290,training
7626,training
22748,training
9459,training
8855,training
8444,training
4208,training
22320,training
13349,training
2794,training
15903,training
18819,training
9000,training
21240,training
6675,training
979,training
23684,training
15968,training
21359,training
4538,training
22030,training
18739,training
6449,training
11003,training
1508,training
5850,training
10252,training
10594,training
5070,training
22032,training
3941,training
5329,training
24231,training
15120,training
6234,training
19400,training
14558,training
3994,training
17705,training
11445,training
18920,training
4169,training
21241,training
13863,training
2173,training
19460,training
16476,training
14451,training
9485,training
14682,training
19300,training
1195,training
3175,training
17305,training
15962,training
2621,training
1380,training
719,training
22170,training
8569,training
21488,training
10862,training
836,training
19902,training
21609,training
16448,training
2801,training
8869,training
17084,training
6227,training
18845,training
7383,training
6172,training
13276,training
10092,training
21323,training
12355,training
5551,training
23879,training
10663,training
4957,training
8620,training
1146,training
7389,training
21642,training
12266,training
7096,training
23301,training
5796,training
22808,training
10601,training
12724,training
9990,training
9960,training
7641,training
19674,training
22834,training
23578,training
21825,training
15705,training
2737,training
17415,training
6150,training
14026,training
11902,training
14399,training
23540,training
17154,training
16331,training
1450,training
4692,training
5765,training
20013,training
5142,training
8004,training
11367,training
17612,training
3600,training
21,training
11755,training
2961,training
19614,training
16576,training
2076,training
15456,training
22048,training
21878,training
12744,training
4949,training
3673,training
14699,training
12519,training
9481,training
8597,training
5238,training
2986,training
7106,training
8500,training
7691,training
5572,training
9288,training
19370,training
17238,training
5221,training
15899,training
4401,training
4721,training
5675,training
17692,training
8974,training
3502,training
2661,training
16716,training
1619,training
20579,training
3927,training
18334,training
18818,training
47,training
12768,training
524,training
11267,training
23133,training
15066,training
6087,training
23344,training
2298,training
18647,training
8278,training
23500,training
16435,training
11661,training
3432,training
15633,training
7903,training
4850,training
11239,training
22520,training
648,training
17288,training
21284,training
19112,training
21848,training
23328,training
5530,training
14267,training
23470,training
19833,training
11851,training
20189,training
3594,training
16645,training
12790,training
24203,training
7513,training
9646,training
13114,training
8472,training
9579,training
14954,training
10292,training
24765,training
18825,training
22327,training
4658,training
9674,training
11926,training
21736,training
17757,training
21672,training
4920,training
8567,training
22643,training
6683,training
19747,training
10383,training
11369,training
17444,training
5295,training
12301,training
22932,training
20946,training
19957,training
13935,training
23296,training
8345,training
2850,training
12321,training
248,training
4894,training
14170,training
15295,training
12109,training
17410,training
9458,training
13206,training
24485,training
2554,training
13086,training
19010,training
23189,training
9704,training
9203,training
135,training
963,training
14080,training
17109,training
7053,training
2645,training
13572,training
13070,training
16204,training
12105,training
6765,training
16271,training
18331,training
20105,training
17783,training
21083,training
13613,training
9240,training
21060,training
1796,training
20840,training
9946,training
23455,training
6776,training
19589,training
23496,training
6473,training
15987,training
21496,training
15266,training
7827,training
3683,training
18333,training
11747,training
22052,training
7288,training
6006,training
4367,training
1650,training
4592,training
387,training
18027,training
2718,training
11922,training
8657,training
3341,training
7422,training
15984,training
6802,training
16744,training
18675,training
7729,training
23081,training
5176,training
19429,training
9819,training
15991,training
12085,training
22308,training
13198,training
1525,training
4526,training
1082,training
18163,training
21714,training
12971,training
2711,training
22820,training
17907,training
12004,training
57,training
21665,training
7000,training
10413,training
21380,training
23309,training
23447,training
24429,training
22282,training
13422,training
20631,training
18912,training
6366,training
18794,training
8876,training
7414,training
8968,training
23982,training
13165,training
6430,training
7783,training
7330,training
21032,training
3386,training
6629,training
16821,training
5626,training
19279,training
1898,training
22404,training
23866,training
10335,training
20717,training
6734,training
1611,training
7585,training
14105,training
9279,training
24164,training
5842,training
13095,training
7415,training
24478,training
20913,training
3702,training
4804,training
3037,training
8100,training
2698,training
21629,training
170,training
2825,training
3156,training
10870,training
18547,training
1948,training
24070,training
1280,training
4636,training
20708,training
5625,training
12793,training
16701,training
16382,training
23153,training
20146,training
11235,training
12273,training
7189,training
12873,training
14594,training
9199,training
7996,training
18460,training
22402,training
22897,training
21212,training
8226,training
12950,training
5816,training
17147,training
12128,training
4203,training
9773,training
12069,training
10501,training
12717,training
3854,training
21115,training
13559,training
24349,training
22886,training
23954,training
10028,training
20072,training
21112,training
20049,training
23537,training
7239,training
15059,training
1081,training
12878,training
8139,training
3387,training
19103,training
11892,training
9269,training
4969,training
9022,training
11603,training
8298,training
21838,training
13160,training
9097,training
17332,training
9995,training
7868,training
2895,training
9588,training
24561,training
16228,training
14807,training
15573,training
9712,training
17488,training
766,training
874,training
9451,training
2504,training
18454,training
742,training
23253,training
12206,training
16818,training
4480,training
15196,training
21045,training
24237,training
5804,training
11908,training
12039,training
24452,training
19467,training
21346,training
7305,training
6143,training
14079,training
13135,training
9901,training
17544,training
19076,training
838,training
7651,training
9406,training
18029,training
21668,training
18692,training
19264,training
2378,training
21914,training
6899,training
14377,training
10105,training
534,training
5962,training
20583,training
13015,training
4849,training
13628,training
12938,training
4520,training
21839,training
4455,training
22471,training
18495,training
9783,training
19527,training
923,training
14039,training
18172,training
20206,training
1542,training
21429,training
9619,training
24375,training
22751,training
24613,training
9529,training
10825,training
17150,training
18459,training
3246,training
20547,training
15627,training
5676,training
10530,training
16802,training
19597,training
10681,training
19167,training
18952,training
13840,training
525,training
6187,training
11853,training
15261,training
3571,training
24447,training
17773,training
322,training
13813,training
18908,training
19340,training
19226,training
18539,training
16463,training
5604,training
12151,training
18838,training
1060,training
20478,training
17384,training
6955,training
10324,training
13243,training
9830,training
10412,training
16668,training
4745,training
10461,training
23124,training
9740,training
24212,training
17852,training
2634,training
3528,training
4434,training
13894,training
14380,training
12136,training
11626,training
2892,training
23148,training
13393,training
379,training
13642,training
13116,training
988,training
10405,training
623,training
4139,training
2873,training
8270,training
8819,training
4579,training
14210,training
12780,training
23387,training
17623,training
22532,training
16402,training
13069,training
17620,training
21293,training
23169,training
16490,training
13438,training
19676,training
24087,training
4861,training
5216,training
6020,training
10130,training
19254,training
19883,training
21014,training
16314,training
10855,training
22547,training
13375,training
11999,training
9273,training
16549,training
16666,training
22696,training
16163,training
13565,training
17314,training
12466,training
4927,training
11683,training
3478,training
15143,training
20476,training
80,training
14673,training
17750,training
13885,training
2329,training
21540,training
11947,training
10284,training
13311,training
23337,training
10761,training
7702,training
19801,training
20670,training
6016,training
23734,training
14360,training
15773,training
348,training
7125,training
2046,training
3850,training
22004,training
19718,training
24581,training
4546,training
22862,training
16051,training
18711,training
7523,training
21929,training
13347,training
4192,training
10587,training
2342,training
21512,training
8938,training
8066,training
11008,training
24773,training
8621,training
16670,training
9963,training
12365,training
21905,training
10239,training
15722,training
1228,training
12477,training
24632,training
14472,training
1784,training
20133,training
1251,training
6667,training
7840,training
19551,training
6929,training
11216,training
8921,training
17863,training
16661,training
12547,training
12672,training
6574,training
155,training
6282,training
14204,training
4096,training
16,training
7833,training
18722,training
2388,training
18668,training
13881,training
8558,training
1490,training
14788,training
19836,training
20918,training
14395,training
7789,training
12455,training
1442,training
6843,training
20211,training
9133,training
15647,training
11704,training
14373,training
8462,training
24271,training
21861,training
20411,training
3322,training
6585,training
21285,training
9547,training
926,training
24054,training
4880,training
6264,training
4587,training
13446,training
23091,training
16488,training
8555,training
20546,training
22311,training
2353,training
15957,training
14275,training
16267,training
22674,training
17553,training
18396,training
15794,training
4852,training
18266,training
8887,training
1747,training
23641,training
10312,training
5368,training
7724,training
14343,training
16396,training
22993,training
16611,training
17709,training
4727,training
3122,training
4247,training
18519,training
1050,training
18632,training
19659,training
2914,training
22576,training
20362,training
9434,training
20694,training
18535,training
18958,training
22688,training
20473,training
8940,training
6626,training
22710,training
13014,training
4682,training
11524,training
2162,training
19920,training
22036,training
5189,training
20827,training
6635,training
8195,training
11431,training
21259,training
6963,training
19917,training
2670,training
20536,training
15792,training
5088,training
10971,training
23201,training
13656,training
4076,training
20681,training
21132,training
6301,training
15595,training
24167,training
17748,training
6805,training
18864,training
7877,training
14586,training
20707,training
8782,training
19031,training
22802,training
19756,training
23788,training
23766,training
880,training
23170,training
401,training
21126,training
2295,training
2077,training
17639,training
19222,training
4651,training
672,training
12000,training
12035,training
20092,training
17107,training
12441,training
1073,training
20497,training
14518,training
6183,training
17170,training
7336,training
7743,training
20055,training
3096,training
1416,training
20503,training
9014,training
13626,training
24011,training
15210,training
7608,training
13481,training
20592,training
19639,training
5956,training
5224,training
13667,training
13351,training
20175,training
14011,training
6054,training
13511,training
13147,training
14424,training
8489,training
4697,training
15085,training
4956,training
23566,training
8265,training
9315,training
12846,training
16115,training
10249,training
23980,training
17195,training
10369,training
1706,training
20758,training
15604,training
16330,training
16626,training
14744,training
5433,training
23905,training
11729,training
11643,training
4092,training
8050,training
6446,training
16547,training
301,training
300,training
9056,training
11630,training
13214,training
3766,training
4241,training
10974,training
3427,training
15849,training
13949,training
20957,training
13197,training
1226,training
5258,training
912,training
22146,training
2980,training
15315,training
19420,training
6142,training
4274,training
1348,training
13211,training
10736,training
7738,training
4089,training
15139,training
16230,training
133,training
18986,training
1820,training
23145,training
10677,training
13625,training
6547,training
15513,training
10671,training
23282,training
9919,training
22776,training
3191,training
6522,training
22241,training
3360,training
11457,training
2604,training
19404,training
269,training
14636,training
17017,training
7013,training
6009,training
18381,training
11271,training
14717,training
23674,training
14963,training
17556,training
12442,training
4071,training
6697,training
4020,training
1269,training
8540,training
18482,training
17046,training
5237,training
5736,training
19604,training
13037,training
2837,training
17167,training
2168,training
13373,training
23037,training
7710,training
1496,training
13440,training
370,training
15036,training
1017,training
11195,training
12840,training
11124,training
7863,training
781,training
19322,training
12395,training
2561,training
4619,training
6490,training
7178,training
21653,training
16815,training
14735,training
8074,training
14737,training
4539,training
13937,training
21763,training
15656,training
22900,training
15271,training
9607,training
2518,training
24703,training
9242,training
19100,training
6921,training
794,training
5120,training
3713,training
20972,training
23739,training
666,training
4398,training
24005,training
4779,training
2256,training
19027,training
23768,training
19482,training
24143,training
11150,training
7734,training
17533,training
9509,training
17537,training
22225,training
14214,training
1919,training
1039,training
10560,training
5155,training
17089,training
17263,training
17490,training
21267,training
23077,training
23736,training
19189,training
5119,training
1016,training
19683,training
10597,training
20274,training
22629,training
13060,training
10946,training
13566,training
10019,training
22563,training
8840,training
2431,training
5398,training
5313,training
5023,training
2689,training
14129,training
7750,training
3214,training
9937,training
9488,training
596,training
656,training
5801,training
20515,training
16575,training
16041,training
24477,training
14559,training
957,training
22112,training
21444,training
3226,training
18476,training
16877,training
11411,training
14841,training
13547,training
11701,training
19722,training
19535,training
2738,training
11488,training
2036,training
2875,training
17168,training
7586,training
3620,training
7673,training
22027,training
6048,training
6316,training
21575,training
15713,training
2008,training
7089,training
17474,training
3797,training
11943,training
10821,training
1668,training
18905,training
22990,training
19821,training
13458,training
19713,training
7149,training
24096,training
21400,training
20081,training
10106,training
9310,training
18002,training
12410,training
20743,training
11896,training
5662,training
7432,training
866,training
1871,training
3245,training
1046,training
21205,training
5279,training
212,training
11088,training
22095,training
22887,training
13633,training
14569,training
18286,training
3231,training
3126,training
12834,training
16631,training
3799,training
1694,training
12830,training
13055,training
15847,training
12779,training
18199,training
8857,training
22949,training
23587,training
9693,training
14394,training
7980,training
3809,training
9876,training
1309,training
3261,training
23744,training
14600,training
23984,training
14718,training
21637,training
12330,training
20176,training
5934,training
9219,training
17987,training
1183,training
18354,training
1040,training
20942,training
22676,training
18813,training
23149,training
16269,training
13193,training
24544,training
19453,training
21150,training
23815,training
19725,training
14064,training
8992,training
7123,training
15683,training
20330,training
2509,training
22309,training
23833,training
19160,training
14085,training
11811,training
22067,training
21158,training
13190,training
21797,training
15624,training
22372,training
11577,training
17056,training
8159,training
1566,training
13103,training
1200,training
902,training
6591,training
20597,training
4152,training
18048,training
2330,training
1710,training
10960,training
11679,training
24766,training
19640,training
17507,training
6607,training
11362,training
2585,training
8975,training
17194,training
13186,training
23102,training
14453,training
11333,training
13228,training
659,training
22686,training
2455,training
23044,training
2323,training
23489,training
16479,training
574,training
8001,training
23324,training
3417,training
4837,training
6410,training
21980,training
16694,training
15306,training
12968,training
20496,training
2442,training
14602,training
9768,training
15379,training
12942,training
10846,training
8006,training
8178,training
18157,training
17310,training
8359,training
13845,training
6346,training
14760,training
14037,training
4022,training
7756,training
10864,training
646,training
17201,training
9845,training
11230,training
7949,training
13636,training
21545,training
6706,training
13561,training
10466,training
6536,training
20126,training
24390,training
12681,training
7891,training
10498,training
8751,training
17927,training
21108,training
9904,training
4645,training
3816,training
14534,training
24267,training
21363,training
3127,training
7161,training
17367,training
18542,training
23658,training
21062,training
5039,training
11266,training
17923,training
13517,training
10426,training
3452,training
22274,training
13145,training
10034,training
16138,training
16536,training
7945,training
4503,training
9449,training
15542,training
3675,training
20640,training
18972,training
12706,training
5702,training
22588,training
12174,training
4441,training
10436,training
449,training
606,training
17073,training
23624,training
24579,training
11864,training
1051,training
18762,training
14049,training
18146,training
9114,training
22204,training
6924,training
16541,training
5182,training
15828,training
1802,training
16769,training
3083,training
882,training
15981,training
7437,training
7639,training
4684,training
16202,training
205,training
10756,training
17290,training
14810,training
10517,training
15562,training
10342,training
13836,training
4821,training
24029,training
628,training
19415,training
20984,training
11558,training
10258,training
10698,training
21264,training
22519,training
3301,training
19169,training
18693,training
3803,training
17729,training
12381,training
6309,training
24174,training
3357,training
14924,training
10067,training
10243,training
9289,training
7047,training
13344,training
8675,training
8521,training
19804,training
5365,training
22491,training
3550,training
1373,training
5973,training
19569,training
2589,training
13993,training
1655,training
789,training
1026,training
8972,training
10642,training
8358,training
15663,training
15449,training
1424,training
11006,training
9793,training
5552,training
19445,training
305,training
9542,training
4352,training
18602,training
17365,training
10760,training
3657,training
8909,training
14372,training
2684,training
24593,training
17178,training
2593,training
5336,training
20213,training
10128,training
13146,training
14668,training
20074,training
24493,training
2069,training
21817,training
14728,training
6149,training
8595,training
5364,training
22094,training
21440,training
15200,training
24356,training
14976,training
10430,training
17640,training
20904,training
12746,training
3275,training
18388,training
3680,training
12628,training
12941,training
24012,training
11917,training
13460,training
11635,training
9018,training
9124,training
402,training
10237,training
21302,training
10625,training
12244,training
18578,training
17240,training
5614,training
19117,training
8196,training
779,training
23288,training
1681,training
446,training
14635,training
3237,training
17402,training
10596,training
7193,training
2891,training
11782,training
10918,training
1902,training
20295,training
14401,training
9639,training
9002,training
13589,training
19815,training
7950,training
10774,training
5611,training
1409,training
3112,training
10908,training
1232,training
13764,training
6794,training
11913,training
14293,training
6014,training
15122,training
18768,training
20630,training
12014,training
403,training
15835,training
22891,training
10314,training
15503,training
24094,training
21733,training
8271,training
18422,training
23886,training
6766,training
22744,training
22473,training
12754,training
12719,training
14910,training
17766,training
21332,training
20793,training
9474,training
2629,training
8256,training
8391,training
10225,training
6950,training
24523,training
10260,training
4328,training
2717,training
6394,training
1038,training
21096,training
9574,training
15687,training
14259,training
14092,training
11910,training
22493,training
5204,training
7686,training
2315,training
21038,training
3583,training
4110,training
18320,training
5164,training
18786,training
17033,training
10913,training
23967,training
14497,training
23705,training
3062,training
14460,training
12113,training
19378,training
9188,training
5908,training
22605,training
14805,training
5922,training
3196,training
13948,training
652,training
16497,training
13888,training
18746,training
12764,training
5968,training
6674,training
23378,training
3222,training
7934,training
19984,training
21263,training
2142,training
20910,training
22959,training
1621,training
23895,training
10228,training
122,training
10452,training
11370,training
1961,training
11372,training
11843,training
14904,training
1559,training
2913,training
9336,training
15374,training
15291,training
19795,training
23316,training
10145,training
18246,training
16529,training
18004,training
3382,training
19954,training
22023,training
23458,training
10752,training
9054,training
5494,training
17110,training
12536,training
17278,training
951,training
20139,training
9261,training
8169,training
925,training
17449,training
21077,training
20355,training
16100,training
16535,training
12282,training
16981,training
7712,training
18635,training
3808,training
6883,training
6254,training
9324,training
2957,training
20520,training
17065,training
508,training
2889,training
7324,training
13768,training
3240,training
21340,training
9429,training
14719,training
10617,training
16657,training
12019,training
4058,training
13522,training
1303,training
20172,training
5851,training
557,training
4494,training
7099,training
4818,training
5524,training
7309,training
20441,training
515,training
297,training
17125,training
23752,training
3111,training
22454,training
8438,training
23502,training
2775,training
2352,training
10921,training
8463,training
9506,training
7033,training
19554,training
9564,training
15072,training
10570,training
22061,training
8830,training
8849,training
16021,training
13689,training
17991,training
18892,training
406,training
3522,training
18020,training
15132,training
13837,training
14940,training
3687,training
22907,training
10151,training
1113,training
9323,training
17229,training
18230,training
934,training
10896,training
20703,training
1196,training
8805,training
3224,training
9360,training
24500,training
14864,training
16389,training
15771,training
11213,training
13067,training
16175,training
20334,training
20320,training
11627,training
10375,training
15262,training
4835,training
7443,training
13847,training
6053,training
20464,training
22215,training
19464,training
10836,training
21030,training
4693,training
4133,training
24134,training
18528,training
12027,training
17187,training
14116,training
16919,training
7101,training
2949,training
3983,training
12537,training
17116,training
16077,training
14928,training
18831,training
24272,training
7958,training
20925,training
4240,training
12958,training
4268,training
7209,training
23810,training
10930,training
12737,training
10949,training
1044,training
5929,training
2742,training
24365,training
5447,training
5502,training
18466,training
9633,training
1105,training
3500,training
4566,training
1513,training
19032,training
15970,training
21950,training
16016,training
4943,training
17359,training
13217,training
24253,training
1390,training
13034,training
23932,training
17505,training
16028,training
11508,training
4960,training
10744,training
14819,training
12930,training
8598,training
14869,training
129,training
21963,training
10890,training
9846,training
11161,training
5311,training
18859,training
9215,training
12164,training
2416,training
11342,training
10558,training
18197,training
14392,training
13077,training
13701,training
2121,training
4743,training
14441,training
1711,training
393,training
4126,training
21621,training
3930,training
5803,training
4074,training
22194,training
24676,training
1752,training
12405,training
14774,training
21270,training
5514,training
3150,training
5823,training
16181,training
5379,training
2474,training
21802,training
7307,training
20830,training
10055,training
568,training
10571,training
15046,training
4490,training
21539,training
18742,training
20723,training
15310,training
16286,training
6453,training
22527,training
13368,training
20367,training
1350,training
23217,training
19991,training
2148,training
14415,training
4501,training
4287,training
3260,training
18274,training
15591,training
7388,training
23708,training
9078,training
23867,training
2872,training
11268,training
21086,training
15104,training
19163,training
18310,training
10976,training
20148,training
20014,training
9578,training
8518,training
12026,training
12683,training
6873,training
1817,training
3745,training
1778,training
7769,training
6797,training
1665,training
23571,training
1328,training
15426,training
21681,training
20005,training
2258,training
3359,training
1324,training
22057,training
20880,training
24200,training
2753,training
638,training
15881,training
20069,training
21180,training
1155,training
9072,training
24625,training
24049,training
13090,training
17968,training
9634,training
4836,training
24346,training
24490,training
17861,training
8443,training
20853,training
21157,training
17839,training
21759,training
17867,training
1253,training
9175,training
4272,training
5734,training
21300,training
23855,training
15898,training
13321,training
23204,training
4725,training
18580,training
19065,training
10216,training
11037,training
19901,training
8309,training
21220,training
16864,training
15594,training
16967,training
23513,training
23506,training
19845,training
3968,training
6028,training
20570,training
13921,training
7985,training
7257,training
14315,training
20900,training
19875,training
7786,training
10816,training
23357,training
3928,training
65,training
13931,training
8685,training
11731,training
5252,training
1254,training
3853,training
11611,training
19481,training
751,training
9979,training
7817,training
10389,training
11192,training
13358,training
9264,training
12493,training
15964,training
18154,training
23977,training
1855,training
5315,training
19288,training
2761,training
10531,training
2516,training
19827,training
21258,training
7489,training
18314,training
16918,training
2764,training
6655,training
14345,training
8251,training
9220,training
11836,training
9738,training
11035,training
9900,training
18483,training
9930,training
18412,training
19185,training
5898,training
11744,training
11243,training
1828,training
15806,training
7152,training
12189,training
24245,training
11148,training
603,training
19814,training
11166,training
8663,training
2103,training
12594,training
12393,training
14798,training
9609,training
15246,training
22929,training
8324,training
8206,training
8287,training
6806,training
23832,training
2068,training
1049,training
15946,training
7104,training
887,training
6448,training
20303,training
24282,training
13832,training
21706,training
19397,training
1116,training
16474,training
701,training
20510,training
8365,training
17763,training
5915,training
17463,training
6552,training
10175,training
5906,training
23465,training
3820,training
13759,training
8211,training
2576,training
5018,training
2981,training
11660,training
660,training
7450,training
4029,training
24154,training
544,training
6276,training
18437,training
16129,training
6558,training
21655,training
720,training
22694,training
20813,training
1580,training
14751,training
11170,training
13623,training
1628,training
5917,training
1475,training
3912,training
20607,training
12972,training
2766,training
8083,training
4239,training
8274,training
19486,training
3168,training
2785,training
20966,training
18850,training
621,training
13405,training
12572,training
10734,training
19197,training
11705,training
5165,training
5996,training
7221,training
22092,training
9779,training
16884,training
17119,training
10161,training
18180,training
21826,training
10147,training
23491,training
16603,training
20299,training
593,training
13477,training
24215,training
15333,training
22515,training
6910,training
9857,training
3381,training
10241,training
22,training
10481,training
3507,training
17317,training
18898,training
1545,training
13824,training
21956,training
17500,training
21061,training
12736,training
14117,training
1417,training
17818,training
11897,training
1121,training
19113,training
13660,training
23045,training
24506,training
5648,training
20338,training
19805,training
2568,training
9177,training
2847,training
22188,training
3628,training
16239,training
975,training
24720,training
5286,training
17442,training
22768,training
12877,training
2640,training
2533,training
9171,training
5894,training
12740,training
8387,training
12290,training
21897,training
10997,training
5557,training
3074,training
16242,training
33,training
9861,training
16190,training
6699,training
17176,training
13345,training
17124,training
20968,training
10157,training
18405,training
19192,training
21598,training
15275,training
985,training
19630,training
3982,training
8018,training
5776,training
7287,training
7512,training
15060,training
17356,training
18096,training
21997,training
14447,training
21571,training
6202,training
22318,training
12426,training
24083,training
10352,training
13684,training
4964,training
11612,training
8357,training
10907,training
217,training
8304,training
14388,training
1575,training
4601,training
3033,training
15158,training
22804,training
6896,training
19844,training
17204,training
18902,training
8354,training
23830,training
10584,training
21731,training
12292,training
4647,training
20218,training
16786,training
1645,training
21913,training
10483,training
13578,training
1485,training
10406,training
11900,training
3230,training
22573,training
10098,training
555,training
15078,training
8839,training
10758,training
3375,training
7323,training
11074,training
7899,training
11063,training
522,training
16635,training
19593,training
8021,training
20593,training
13771,training
19787,training
11727,training
12071,training
19305,training
20939,training
21479,training
20059,training
5111,training
1652,training
5831,training
22087,training
11236,training
23935,training
22742,training
16491,training
13316,training
20480,training
5775,training
3824,training
19860,training
17723,training
24348,training
23256,training
10919,training
17128,training
4892,training
1086,training
2746,training
16945,training
12630,training
18735,training
3981,training
5944,training
12838,training
1786,training
24296,training
22348,training
15105,training
14542,training
20393,training
18201,training
6424,training
23353,training
14597,training
5742,training
20833,training
5456,training
12738,training
12638,training
9142,training
2052,training
16942,training
13107,training
19548,training
6534,training
24554,training
9686,training
20425,training
15848,training
10835,training
22977,training
10462,training
11258,training
14396,training
14329,training
15377,training
22418,training
3376,training
7014,training
284,training
17104,training
17617,training
13279,training
15967,training
24484,training
13140,training
20259,training
14856,training
8979,training
23347,training
4392,training
4732,training
6186,training
16704,training
16076,training
15805,training
20627,training
17513,training
2964,training
12722,training
567,training
7314,training
20608,training
4364,training
8205,training
13367,training
2885,training
1255,training
16307,training
21787,training
413,training
2583,training
632,training
13042,training
105,training
23660,training
942,training
470,training
2447,training
10626,training
1579,training
6133,training
1523,training
6871,training
9091,training
2618,training
18078,training
3391,training
10046,training
2584,training
20413,training
4966,training
19673,training
3662,training
10838,training
13210,training
2937,training
15521,training
7412,training
14820,training
17501,training
16324,training
15389,training
16370,training
15039,training
16562,training
19621,training
12464,training
20337,training
19660,training
24686,training
6418,training
5429,training
5461,training
6685,training
19914,training
7204,training
16566,training
23074,training
21508,training
22002,training
9962,training
4452,training
21614,training
20544,training
1933,training
16517,training
2269,training
19376,training
19861,training
11005,training
8956,training
17111,training
14351,training
2945,training
21266,training
1965,training
6059,training
10966,training
13900,training
1381,training
5091,training
23915,training
2510,training
16306,training
22989,training
8503,training
2722,training
1943,training
22678,training
1160,training
16238,training
21876,training
4305,training
14519,training
4741,training
565,training
12024,training
21954,training
13519,training
11953,training
21199,training
10023,training
11898,training
6241,training
19165,training
15309,training
4174,training
18885,training
16107,training
8730,training
8619,training
18128,training
3081,training
5562,training
24036,training
19743,training
19813,training
20816,training
6790,training
18871,training
23564,training
22429,training
19139,training
8612,training
12799,training
6440,training
9785,training
23461,training
8315,training
16933,training
21206,training
1457,training
3761,training
5900,training
11300,training
15551,training
21337,training
17265,training
346,training
5093,training
22569,training
11155,training
3935,training
10276,training
2436,training
5918,training
23399,training
12469,training
19936,training
18030,training
4774,training
1321,training
3587,training
11402,training
12991,training
11978,training
529,training
6136,training
13535,training
19746,training
4321,training
6723,training
5278,training
9362,training
9906,training
16498,training
1536,training
8794,training
3481,training
2110,training
292,training
5218,training
3715,training
9193,training
17714,training
9355,training
4802,training
14077,training
16846,training
6036,training
14387,training
18743,training
10878,training
5638,training
20184,training
12234,training
22945,training
7343,training
14839,training
4886,training
15625,training
18844,training
10521,training
9368,training
22874,training
10915,training
5350,training
18566,training
20228,training
14748,training
2637,training
17889,training
12900,training
8866,training
7462,training
22962,training
13597,training
14865,training
16885,training
18226,training
9249,training
6636,training
7385,training
9733,training
23144,training
682,training
938,training
556,training
10786,training
13745,training
9196,training
3622,training
10621,training
24105,training
15853,training
352,training
476,training
10043,training
1746,training
9907,training
19029,training
3957,training
20645,training
19502,training
7369,training
22085,training
354,training
10497,training
1066,training
7121,training
12767,training
12445,training
1339,training
4006,training
22695,training
10207,training
11460,training
19174,training
15919,training
23503,training
10208,training
1404,training
8455,training
12963,training
4056,training
8216,training
5020,training
11777,training
13710,training
21970,training
17572,training
10929,training
16849,training
13188,training
19856,training
19478,training
18135,training
3402,training
15025,training
7880,training
9711,training
9303,training
4848,training
16172,training
17237,training
19287,training
19208,training
2680,training
17506,training
18411,training
24130,training
17946,training
4046,training
19054,training
7717,training
3047,training
8117,training
17977,training
14690,training
17039,training
23139,training
22677,training
11794,training
966,training
1521,training
10388,training
18994,training
17219,training
3785,training
8931,training
4130,training
15212,training
13617,training
5709,training
9185,training
6959,training
16958,training
19310,training
14198,training
13942,training
24422,training
20792,training
23058,training
3598,training
2728,training
19155,training
18518,training
9974,training
2828,training
3755,training
9001,training
2944,training
22144,training
7158,training
5826,training
4672,training
8112,training
19412,training
8936,training
20442,training
6684,training
7083,training
18235,training
18866,training
22960,training
18105,training
23575,training
12753,training
201,training
2838,training
22815,training
7744,training
3415,training
1546,training
11968,training
19315,training
8344,training
8627,training
6122,training
23759,training
10035,training
19501,training
6579,training
21536,training
21265,training
2908,training
17040,training
3395,training
24098,training
22408,training
3670,training
17439,training
18705,training
14185,training
22013,training
8781,training
18130,training
3113,training
10810,training
11930,training
7853,training
13475,training
24106,training
2284,training
2715,training
15436,training
24368,training
5128,training
5834,training
5232,training
18946,training
19170,training
23637,training
22922,training
17541,training
11094,training
14838,training
7349,training
23398,training
12756,training
17566,training
15728,training
9548,training
12520,training
416,training
4435,training
20749,training
10806,training
16137,training
15507,training
4054,training
22133,training
4686,training
16582,training
8385,training
6077,training
9561,training
1632,training
856,training
21722,training
17982,training
2074,training
9243,training
412,training
21119,training
20619,training
23923,training
6727,training
13431,training
10979,training
16121,training
3925,training
19225,training
22955,training
9053,training
908,training
16862,training
1928,training
9577,training
18878,training
9873,training
4749,training
19020,training
15690,training
16192,training
16551,training
20196,training
2115,training
16533,training
2755,training
2506,training
22966,training
13663,training
5671,training
8494,training
22238,training
3097,training
17759,training
14971,training
16878,training
11776,training
23002,training
19238,training
10318,training
3916,training
24123,training
19332,training
11066,training
20325,training
7882,training
2218,training
5399,training
1845,training
2096,training
18931,training
13215,training
22334,training
21807,training
9638,training
291,training
24412,training
14233,training
9923,training
7560,training
14093,training
12227,training
6243,training
13489,training
19005,training
10943,training
20457,training
11020,training
23657,training
4052,training
14814,training
3659,training
3064,training
4275,training
21874,training
15415,training
1243,training
16393,training
19578,training
8279,training
18880,training
16983,training
15535,training
12671,training
24318,training
1689,training
18091,training
5162,training
9584,training
23730,training
15168,training
19748,training
8676,training
17245,training
23191,training
2904,training
19211,training
14225,training
19323,training
16358,training
15943,training
2425,training
18761,training
10442,training
9789,training
17400,training
763,training
18457,training
3000,training
12054,training
671,training
1447,training
21971,training
14370,training
23284,training
3076,training
961,training
14754,training
936,training
17851,training
11131,training
11040,training
2542,training
10852,training
997,training
14484,training
16273,training
5071,training
23107,training
16870,training
15056,training
4289,training
3792,training
23436,training
8428,training
12690,training
17911,training
125,training
9135,training
8171,training
12494,training
22285,training
4414,training
11652,training
10066,training
4259,training
17758,training
24665,training
19896,training
23634,training
18522,training
14605,training
6937,training
20561,training
18550,training
4184,training
19707,training
16004,training
22832,training
15020,training
19092,training
5215,training
8635,training
22271,training
24457,training
20212,training
6007,training
4549,training
22172,training
7436,training
21403,training
18465,training
14831,training
12961,training
7908,training
2812,training
15171,training
14686,training
17695,training
12158,training
23063,training
15102,training
24254,training
15142,training
2391,training
40,training
16489,training
19631,training
4298,training
14485,training
8937,training
23693,training
10528,training
15173,training
19893,training
20716,training
19907,training
11814,training
4928,training
20119,training
7766,training
18656,training
1866,training
6922,training
1756,training
310,training
7779,training
11459,training
1032,training
5171,training
16086,training
5911,training
16632,training
2464,training
20724,training
15331,training
14261,training
7665,training
4260,training
19336,training
2063,training
10926,training
22952,training
8122,training
22091,training
8088,training
22572,training
10798,training
13450,training
4733,training
4998,training
12739,training
2188,training
12637,training
7005,training
15370,training
4482,training
14247,training
4924,training
13786,training
23008,training
8180,training
24777,training
3893,training
23953,training
24462,training
8897,training
8703,training
2461,training
22807,training
3114,training
15,training
111,training
20688,training
20652,training
8640,training
5748,training
18585,training
11476,training
8722,training
9424,training
3772,training
20553,training
13223,training
8729,training
23142,training
16928,training
17371,training
23187,training
11159,training
7085,training
5296,training
10214,training
2163,training
18659,training
7874,training
11011,training
7988,training
13573,training
15611,training
8454,training
5305,training
5190,training
18926,training
1962,training
19539,training
5047,training
22844,training
7728,training
2556,training
6925,training
279,training
20328,training
2217,training
9582,training
22164,training
11026,training
8977,training
16215,training
10545,training
18066,training
9842,training
7315,training
8780,training
9922,training
2984,training
11412,training
12229,training
15662,training
23957,training
15410,training
922,training
12850,training
24257,training
17026,training
16569,training
6479,training
1132,training
18177,training
21463,training
2484,training
2327,training
398,training
20434,training
22888,training
22358,training
1654,training
1153,training
13858,training
400,training
17286,training
12760,training
18365,training
22086,training
13971,training
17341,training
2685,training
23,training
14972,training
17369,training
12185,training
6535,training
21720,training
15131,training
9337,training
4189,training
16247,training
18125,training
5291,training
18773,training
14713,training
10702,training
11152,training
13415,training
15398,training
8396,training
19526,training
10186,training
14883,training
22785,training
21282,training
14138,training
16597,training
10607,training
5665,training
18593,training
18450,training
1448,training
21477,training
7348,training
7272,training
6787,training
7896,training
7759,training
17914,training
13706,training
5066,training
22849,training
7439,training
18186,training
4707,training
21183,training
16048,training
7075,training
5940,training
5280,training
16158,training
11724,training
13963,training
6807,training
6521,training
10729,training
23429,training
22116,training
13630,training
24289,training
18325,training
10822,training
13838,training
7889,training
8262,training
1940,training
3302,training
3723,training
24525,training
9701,training
1562,training
15895,training
23490,training
941,training
4145,training
8682,training
11925,training
11848,training
15324,training
10454,training
15015,training
7022,training
4340,training
19159,training
5697,training
8124,training
22214,training
19894,training
14741,training
10418,training
12339,training
16962,training
770,training
3023,training
16848,training
23484,training
2053,training
1088,training
19910,training
1085,training
19354,training
11134,training
16980,training
23029,training
23898,training
18121,training
15639,training
20117,training
9707,training
8184,training
23056,training
8043,training
19735,training
17546,training
18565,training
19903,training
2118,training
7800,training
1847,training
23823,training
21610,training
7098,training
19421,training
19737,training
8204,training
8464,training
15692,training
6171,training
13527,training
14402,training
10138,training
13257,training
19577,training
10099,training
12314,training
7318,training
10325,training
23409,training
20635,training
13546,training
16853,training
2083,training
14191,training
20811,training
21217,training
7002,training
12539,training
12511,training
14106,training
1934,training
8932,training
24441,training
2003,training
4640,training
2469,training
4717,training
19880,training
22498,training
19204,training
2720,training
6286,training
454,training
4015,training
5863,training
302,training
13346,training
19530,training
6471,training
17696,training
8038,training
7060,training
17181,training
8545,training
6979,training
22585,training
16112,training
5154,training
22642,training
13117,training
15600,training
8478,training
140,training
6957,training
23738,training
2246,training
24690,training
9592,training
4370,training
8294,training
5106,training
7506,training
15926,training
4599,training
12901,training
15145,training
19246,training
12953,training
10433,training
11486,training
23593,training
1914,training
4900,training
6598,training
21704,training
2086,training
3886,training
97,training
15511,training
15238,training
1276,training
9757,training
9910,training
12973,training
2550,training
19137,training
17427,training
6466,training
21143,training
15402,training
16764,training
23569,training
6989,training
2132,training
16984,training
625,training
11532,training
18117,training
6403,training
471,training
487,training
19772,training
18901,training
20595,training
17638,training
16237,training
4868,training
24053,training
11175,training
11863,training
4993,training
12326,training
7758,training
24373,training
6987,training
15842,training
7156,training
11255,training
9566,training
14516,training
19922,training
21305,training
15885,training
1072,training
16690,training
10316,training
3704,training
7855,training
17071,training
2813,training
8408,training
11766,training
14630,training
10143,training
1301,training
18504,training
19051,training
23132,training
19476,training
21420,training
1394,training
10191,training
7885,training
15673,training
20470,training
9011,training
10906,training
11479,training
20509,training
19560,training
18025,training
22731,training
9764,training
19871,training
20898,training
16179,training
17258,training
13075,training
9966,training
8007,training
11560,training
19019,training
23826,training
21473,training
16679,training
1554,training
6484,training
10206,training
1881,training
20267,training
17041,training
16617,training
7381,training
8186,training
10376,training
19311,training
4411,training
15184,training
9204,training
12833,training
23865,training
7394,training
19278,training
24239,training
13436,training
2495,training
9308,training
7588,training
13899,training
2146,training
5976,training
15460,training
8601,training
13821,training
13637,training
5410,training
13715,training
22579,training
11760,training
14727,training
20459,training
11812,training
407,training
7929,training
2257,training
16601,training
16059,training
17605,training
2560,training
6206,training
11588,training
4594,training
18257,training
18876,training
13788,training
16366,training
1754,training
23927,training
21345,training
9709,training
20975,training
23186,training
20542,training
6525,training
2909,training
8519,training
19980,training
3872,training
11936,training
16831,training
23563,training
8046,training
6767,training
5891,training
22855,training
329,training
3313,training
13208,training
13702,training
1516,training
14514,training
5925,training
5388,training
23220,training
7828,training
11770,training
9994,training
4829,training
3149,training
1534,training
14629,training
16496,training
22494,training
22880,training
19172,training
6263,training
24243,training
21016,training
21647,training
3923,training
16735,training
23356,training
6588,training
7344,training
477,training
14019,training
13261,training
23525,training
15950,training
13984,training
3835,training
4588,training
564,training
16935,training
12595,training
19561,training
3342,training
4945,training
22014,training
1070,training
9403,training
14145,training
18449,training
23114,training
18344,training
14560,training
1313,training
264,training
5727,training
20060,training
1065,training
6708,training
23469,training
8014,training
23700,training
19418,training
598,training
126,training
12896,training
15243,training
21252,training
6079,training
18709,training
19240,training
11647,training
3179,training
20537,training
1456,training
12952,training
137,training
12065,training
23100,training
18636,training
4655,training
23549,training
3937,training
5273,training
11974,training
2235,training
19430,training
16102,training
21298,training
821,training
24644,training
19709,training
24737,training
12565,training
18046,training
10951,training
7141,training
10891,training
8643,training
19413,training
24176,training
19646,training
3776,training
14042,training
10402,training
1427,training
7048,training
18260,training
11604,training
9913,training
903,training
16982,training
12658,training
16724,training
19361,training
11817,training
9210,training
14220,training
7395,training
60,training
24359,training
9153,training
11461,training
3757,training
14439,training
12334,training
15910,training
4948,training
6698,training
21207,training
4706,training
15365,training
10726,training
7491,training
3389,training
4317,training
9929,training
1864,training
6075,training
19886,training
24294,training
18231,training
22416,training
15966,training
18509,training
19284,training
1428,training
8372,training
21243,training
13690,training
11842,training
3623,training
16844,training
2868,training
6596,training
23769,training
19847,training
1608,training
4719,training
9178,training
22078,training
17222,training
6682,training
12563,training
276,training
19816,training
22636,training
15838,training
7707,training
1602,training
2231,training
4389,training
21684,training
20603,training
10072,training
15670,training
8388,training
22293,training
8527,training
19796,training
23963,training
13659,training
5887,training
4976,training
4119,training
18491,training
5809,training
665,training
17574,training
15110,training
3741,training
19874,training
767,training
1584,training
21925,training
7605,training
19930,training
19061,training
16527,training
19236,training
3186,training
6192,training
281,training
20240,training
9259,training
15502,training
1801,training
6845,training
990,training
14121,training
546,training
19442,training
906,training
17210,training
16705,training
753,training
18489,training
58,training
15475,training
13796,training
13363,training
17407,training
11675,training
17106,training
20035,training
11891,training
2933,training
8336,training
11642,training
14503,training
13274,training
9583,training
1880,training
23512,training
15983,training
18053,training
6600,training
19116,training
5605,training
20788,training
10892,training
12684,training
14915,training
3832,training
2180,training
17485,training
12607,training
19679,training
6085,training
16970,training
18573,training
6894,training
22253,training
23714,training
5416,training
15293,training
6711,training
12574,training
9987,training
12551,training
257,training
3262,training
17564,training
7044,training
21683,training
13038,training
1340,training
23544,training
8080,training
7355,training
18733,training
3145,training
20998,training
23269,training
17681,training
2797,training
9172,training
3881,training
18470,training
14010,training
11456,training
16804,training
4107,training
2223,training
16914,training
11885,training
7352,training
7921,training
1625,training
17582,training
9265,training
21273,training
20087,training
20286,training
22522,training
6768,training
5268,training
8520,training
8420,training
24141,training
14454,training
8252,training
8994,training
15932,training
7250,training
9894,training
1035,training
7992,training
2232,training
23644,training
14470,training
1078,training
23643,training
15582,training
6912,training
18540,training
14866,training
18419,training
11217,training
21330,training
11432,training
15500,training
18682,training
13273,training
20402,training
17152,training
3547,training
18229,training
17044,training
22780,training
17520,training
14103,training
20319,training
21130,training
50,training
16090,training
16628,training
10938,training
18272,training
8786,training
12614,training
22363,training
21409,training
1272,training
4674,training
13322,training
13301,training
24772,training
9340,training
17969,training
1725,training
10487,training
10181,training
1354,training
7955,training
15874,training
19888,training
5375,training
11668,training
16265,training
22089,training
11816,training
2871,training
2789,training
15921,training
12812,training
5083,training
1924,training
23519,training
20466,training
12183,training
21098,training
11578,training
20194,training
8720,training
14237,training
3049,training
9725,training
6450,training
2534,training
22169,training
17637,training
22180,training
20973,training
6303,training
13577,training
23854,training
5764,training
10581,training
20892,training
13897,training
11931,training
22295,training
10923,training
9314,training
13916,training
21458,training
19110,training
3279,training
23021,training
16054,training
11181,training
10446,training
9920,training
12060,training
24119,training
9781,training
19946,training
1487,training
23521,training
8059,training
12156,training
12303,training
769,training
3025,training
18790,training
9663,training
16440,training
6998,training
10240,training
22620,training
4080,training
18801,training
5931,training
20009,training
18217,training
22701,training
1697,training
11582,training
23621,training
13606,training
9770,training
16438,training
10287,training
7070,training
3869,training
14216,training
6851,training
17034,training
5509,training
15435,training
12443,training
12940,training
15664,training
12936,training
13830,training
897,training
6665,training
6233,training
17806,training
5465,training
23960,training
6537,training
22534,training
22831,training
12960,training
1198,training
4618,training
10194,training
15602,training
17256,training
16996,training
1662,training
15316,training
6593,training
21248,training
14627,training
1135,training
6140,training
8680,training
14998,training
21666,training
21986,training
16940,training
8779,training
18787,training
3320,training
13381,training
15373,training
22827,training
11949,training
22627,training
4331,training
22029,training
8446,training
22016,training
3533,training
4311,training
2363,training
7561,training
2234,training
14823,training
5926,training
7685,training
18843,training
23949,training
6402,training
11361,training
3826,training
14356,training
5544,training
7337,training
3794,training
21842,training
24553,training
10173,training
164,training
14978,training
6764,training
3679,training
6364,training
12438,training
14882,training
18242,training
7091,training
8293,training
14463,training
9186,training
14857,training
11222,training
22933,training
11717,training
5948,training
15154,training
5486,training
2011,training
2430,training
9492,training
4463,training
18615,training
23473,training
924,training
13336,training
23560,training
9753,training
24548,training
16305,training
4573,training
5715,training
3786,training
12171,training
17848,training
3285,training
4422,training
9063,training
6200,training
263,training
23415,training
23482,training
19915,training
18446,training
7165,training
22306,training
7753,training
23899,training
2855,training
14120,training
19228,training
9328,training
2016,training
17215,training
11969,training
14561,training
17052,training
18623,training
19304,training
991,training
21164,training
17919,training
23942,training
3384,training
6660,training
4634,training
13168,training
15433,training
2249,training
3582,training
2840,training
16254,training
22589,training
16801,training
12397,training
10785,training
3218,training
15455,training
7878,training
21280,training
8731,training
20754,training
21089,training
4349,training
19697,training
18187,training
23640,training
17815,training
23366,training
3162,training
12433,training
4626,training
19941,training
7914,training
16816,training
14419,training
6721,training
16605,training
1931,training
1800,training
8559,training
4632,training
23278,training
3001,training
14930,training
1591,training
12467,training
3489,training
24726,training
15336,training
6730,training
20772,training
5997,training
10739,training
1814,training
24031,training
14966,training
15556,training
9977,training
10638,training
839,training
8221,training
17922,training
15076,training
1635,training
20818,training
1071,training
10132,training
21875,training
15686,training
19974,training
816,training
11784,training
3544,training
7245,training
9372,training
17807,training
4475,training
17177,training
11544,training
13100,training
9126,training
14621,training
24752,training
9416,training
15408,training
17470,training
16087,training
10021,training
240,training
17047,training
2810,training
14467,training
6359,training
10285,training
18137,training
16082,training
8230,training
10962,training
2979,training
2884,training
20623,training
14693,training
10329,training
22586,training
10078,training
20188,training
9342,training
1106,training
5969,training
4201,training
15031,training
6010,training
11906,training
8901,training
1264,training
22252,training
20494,training
14528,training
10576,training
3430,training
20533,training
970,training
12157,training
20226,training
21626,training
17980,training
17943,training
2924,training
7210,training
17184,training
1204,training
8303,training
1718,training
8319,training
14776,training
17663,training
22982,training
9802,training
18424,training
4712,training
18797,training
19549,training
12959,training
6542,training
11116,training
10620,training
13295,training
22335,training
17206,training
8955,training
19410,training
5220,training
7329,training
20125,training
3173,training
20222,training
15697,training
22916,training
24547,training
2952,training
23080,training
325,training
15405,training
10104,training
16294,training
18634,training
4598,training
10348,training
2960,training
24,training
9232,training
13805,training
1063,training
7804,training
6661,training
9614,training
4660,training
3988,training
4899,training
1792,training
19081,training
24541,training
2070,training
16326,training
14445,training
22675,training
16503,training
5739,training
6401,training
328,training
1014,training
19461,training
8578,training
19866,training
11480,training
15190,training
6415,training
20714,training
9889,training
2107,training
10026,training
3860,training
8188,training
21483,training
5460,training
4391,training
5072,training
22504,training
21702,training
12377,training
15907,training
14074,training
20199,training
16598,training
2366,training
19069,training
10662,training
2558,training
9883,training
1089,training
16009,training
15382,training
8370,training
7042,training
17421,training
21865,training
17141,training
11759,training
8852,training
16209,training
2687,training
7507,training
9879,training
8787,training
5455,training
20744,training
20732,training
4729,training
9945,training
18957,training
16183,training
16236,training
9722,training
17850,training
10714,training
3506,training
14108,training
23226,training
19504,training
16875,training
3576,training
14677,training
16095,training
9776,training
2183,training
17672,training
8295,training
3610,training
9107,training
13127,training
13157,training
19691,training
2090,training
17127,training
18133,training
23368,training
22918,training
19219,training
17999,training
15045,training
19848,training
11329,training
11829,training
18683,training
3066,training
12472,training
14657,training
18789,training
20930,training
9012,training
13936,training
24220,training
14789,training
5334,training
6848,training
4931,training
4140,training
22948,training
14522,training
18564,training
22883,training
6174,training
12406,training
22749,training
3205,training
14938,training
21754,training
3948,training
506,training
23910,training
20094,training
11881,training
12996,training
10697,training
9251,training
5680,training
2230,training
1357,training
5283,training
7524,training
19062,training
23251,training
15506,training
23401,training
2799,training
5838,training
2606,training
1012,training
9747,training
16943,training
24347,training
2460,training
10172,training
18973,training
22845,training
19869,training
18557,training
22126,training
12636,training
23214,training
14486,training
6196,training
8647,training
18359,training
14152,training
3424,training
10641,training
21556,training
3084,training
11444,training
3300,training
8085,training
6557,training
197,training
1749,training
12350,training
10914,training
11540,training
22813,training
19878,training
2917,training
9071,training
7397,training
17324,training
13419,training
7998,training
9364,training
1311,training
1879,training
782,training
3605,training
15032,training
6454,training
20633,training
11209,training
7794,training
14266,training
11858,training
2928,training
6352,training
10246,training
21964,training
935,training
7976,training
11117,training
23468,training
23397,training
1773,training
12903,training
11022,training
3406,training
5008,training
15755,training
23474,training
5755,training
23481,training
17858,training
17312,training
12983,training
7861,training
8508,training
20926,training
15211,training
8381,training
10219,training
15195,training
7211,training
15796,training
21542,training
15741,training
14179,training
24273,training
15234,training
11485,training
5711,training
14123,training
19040,training
3589,training
11083,training
19729,training
6468,training
2062,training
18975,training
22794,training
21165,training
19511,training
19182,training
1222,training
1686,training
12728,training
19215,training
14046,training
23588,training
13789,training
11800,training
20096,training
5547,training
3977,training
11987,training
20280,training
23440,training
14018,training
20128,training
2245,training
22397,training
20130,training
8950,training
14608,training
15552,training
7126,training
21859,training
18487,training
23203,training
23341,training
22866,training
9444,training
7001,training
11157,training
15671,training
14304,training
3731,training
24302,training
5487,training
15237,training
19186,training
37,training
15863,training
22851,training
5408,training
7566,training
15866,training
7277,training
12191,training
23351,training
5991,training
15648,training
5723,training
896,training
24750,training
5681,training
7983,training
7366,training
24385,training
21460,training
9262,training
20431,training
16027,training
12978,training
1531,training
6982,training
21803,training
23547,training
11593,training
17203,training
11149,training
12884,training
14083,training
11046,training
2049,training
19905,training
11084,training
2396,training
4695,training
19108,training
3255,training
19689,training
21022,training
6175,training
13987,training
14226,training
6153,training
11450,training
21082,training
5510,training
1491,training
6567,training
5056,training
1876,training
4794,training
3183,training
23495,training
5348,training
7465,training
1768,training
7716,training
2826,training
13816,training
12917,training
12911,training
1883,training
22012,training
9571,training
12771,training
15936,training
13009,training
19503,training
10630,training
18629,training
22489,training
19692,training
16733,training
15397,training
22121,training
2395,training
8341,training
314,training
14583,training
16531,training
24198,training
15441,training
8441,training
16274,training
17827,training
22082,training
10088,training
7292,training
12815,training
206,training
4800,training
3453,training
12413,training
11909,training
23931,training
14235,training
19953,training
5701,training
3984,training
1571,training
4871,training
15202,training
20819,training
1926,training
10660,training
20526,training
21079,training
12957,training
12773,training
3192,training
112,training
14957,training
7460,training
7918,training
7811,training
22192,training
15667,training
22436,training
9541,training
20680,training
18050,training
20790,training
2490,training
20897,training
20874,training
1998,training
3331,training
5307,training
7552,training
4936,training
18899,training
8690,training
1918,training
17955,training
11781,training
6459,training
20312,training
2133,training
8187,training
14551,training
3451,training
15181,training
23207,training
191,training
17233,training
21886,training
2792,training
21828,training
24226,training
11340,training
12291,training
2468,training
4703,training
15448,training
20020,training
9978,training
6458,training
9373,training
7960,training
23836,training
11246,training
11832,training
8998,training
11172,training
18862,training
5916,training
16141,training
4510,training
5421,training
10637,training
12270,training
2237,training
9205,training
6670,training
16280,training
16847,training
20106,training
2422,training
7634,training
6407,training
20609,training
9339,training
10676,training
22947,training
11551,training
13175,training
19411,training
15947,training
21387,training
16676,training
20611,training
20329,training
5185,training
20491,training
18075,training
13743,training
15621,training
22727,training
4188,training
24414,training
2001,training
5868,training
20646,training
1225,training
8132,training
5078,training
23993,training
17376,training
9955,training
64,training
24409,training
1885,training
13497,training
16987,training
8726,training
993,training
16866,training
6696,training
10071,training
11057,training
2198,training
3709,training
10740,training
788,training
10060,training
3904,training
729,training
861,training
22099,training
15902,training
17849,training
22337,training
9088,training
6287,training
6249,training
14269,training
8935,training
2527,training
21301,training
22809,training
6590,training
4584,training
16501,training
20100,training
14964,training
636,training
19089,training
14576,training
4372,training
14367,training
17139,training
11640,training
13360,training
6493,training
13023,training
12385,training
2535,training
16514,training
23767,training
24196,training
21296,training
876,training
3194,training
13376,training
20556,training
23675,training
1755,training
5459,training
18911,training
9745,training
20513,training
20590,training
7875,training
11667,training
23990,training
17013,training
15553,training
7226,training
3457,training
11443,training
6811,training
8243,training
13555,training
13982,training
19519,training
20514,training
3151,training
11734,training
21311,training
18343,training
23880,training
15241,training
23424,training
23167,training
7172,training
11505,training
14040,training
13553,training
13598,training
3419,training
20003,training
17270,training
19391,training
11385,training
14775,training
24285,training
13390,training
13638,training
5424,training
2160,training
16677,training
3652,training
6037,training
9247,training
20639,training
16465,training
22514,training
8049,training
9517,training
2795,training
953,training
7253,training
16203,training
16881,training
13277,training
11108,training
24620,training
575,training
5358,training
19321,training
7669,training
22339,training
18042,training
17580,training
12609,training
2451,training
9559,training
9154,training
19857,training
8736,training
23224,training
17576,training
24010,training
18944,training
5644,training
22683,training
17579,training
21287,training
2260,training
20613,training
22093,training
17512,training
2814,training
24656,training
13915,training
5145,training
22581,training
20507,training
2152,training
15034,training
6611,training
16502,training
23131,training
4515,training
16960,training
21775,training
7527,training
19324,training
23814,training
14830,training
10374,training
597,training
1891,training
16934,training
15361,training
24223,training
14652,training
11534,training
3532,training
5458,training
20752,training
24608,training
4780,training
19653,training
4423,training
7517,training
9176,training
1951,training
9211,training
16972,training
10162,training
16828,training
17083,training
6633,training
14253,training
11068,training
20344,training
2335,training
8339,training
2143,training
14855,training
6724,training
4135,training
21634,training
13860,training
1148,training
6099,training
19234,training
11487,training
492,training
2297,training
10622,training
20799,training
12194,training
10789,training
6238,training
11119,training
13955,training
5885,training
1691,training
7115,training
5173,training
13220,training
12117,training
8728,training
18983,training
14853,training
13767,training
17331,training
12465,training
17275,training
2748,training
342,training
6498,training
16784,training
6455,training
5448,training
23618,training
4665,training
4844,training
17218,training
23313,training
13434,training
9156,training
399,training
6324,training
13118,training
8650,training
2064,training
15407,training
24075,training
23182,training
11965,training
8532,training
16317,training
8133,training
20498,training
10298,training
14818,training
16492,training
6384,training
12734,training
10184,training
9160,training
22763,training
2289,training
20302,training
17892,training
18228,training
7034,training
8630,training
23050,training
14321,training
17722,training
16518,training
8838,training
10153,training
7805,training
13461,training
22823,training
13315,training
6841,training
12517,training
12899,training
8069,training
2644,training
15509,training
15685,training
13010,training
464,training
4376,training
3258,training
2266,training
23314,training
14786,training
21050,training
9164,training
5045,training
15258,training
1376,training
20817,training
1882,training
17196,training
5317,training
23154,training
15851,training
3910,training
7177,training
9111,training
14187,training
6338,training
10209,training
18805,training
13526,training
21358,training
6062,training
8328,training
8029,training
2906,training
18160,training
2622,training
24140,training
16775,training
20042,training
20986,training
9348,training
14917,training
18060,training
24728,training
14698,training
22715,training
347,training
7426,training
13339,training
19622,training
7223,training
915,training
19099,training
18830,training
19921,training
16926,training
22484,training
12544,training
13308,training
14767,training
8089,training
22492,training
933,training
17164,training
12333,training
10998,training
16034,training
3769,training
9008,training
23876,training
15009,training
3032,training
12046,training
6668,training
7372,training
9572,training
2721,training
1087,training
19387,training
23339,training
6319,training
14703,training
13873,training
15406,training
11956,training
8856,training
3315,training
17434,training
5841,training
5385,training
16377,training
12088,training
691,training
3080,training
9659,training
22353,training
16443,training
7936,training
24702,training
13922,training
7440,training
16706,training
16105,training
5874,training
8634,training
22117,training
3518,training
747,training
12890,training
13889,training
11471,training
19932,training
13122,training
24760,training
9306,training
885,training
7790,training
24171,training
11977,training
18640,training
3364,training
19942,training
8825,training
20273,training
16811,training
16895,training
9344,training
24066,training
21567,training
11465,training
20761,training
10303,training
4865,training
6799,training
7881,training
23479,training
21671,training
9556,training
12121,training
20485,training
2940,training
23437,training
7755,training
21376,training
23197,training
21122,training
17948,training
15864,training
418,training
4973,training
10101,training
7872,training
15445,training
6335,training
13303,training
13852,training
12701,training
14902,training
20923,training
11653,training
9533,training
15499,training
14236,training
15883,training
4156,training
13909,training
6246,training
20684,training
14406,training
16826,training
7135,training
18288,training
19377,training
3950,training
17971,training
22288,training
24072,training
11656,training
8009,training
14084,training
4265,training
23206,training
14960,training
21710,training
22444,training
18014,training
20221,training
7416,training
2006,training
832,training
21167,training
21092,training
5902,training
13560,training
23983,training
19408,training
19059,training
1234,training
4638,training
5248,training
4738,training
3682,training
15858,training
9367,training
4151,training
21778,training
14113,training
15012,training
23400,training
22920,training
19373,training
22488,training
22254,training
2437,training
19965,training
13806,training
9522,training
22724,training
8183,training
3153,training
19741,training
24685,training
21979,training
14397,training
5443,training
20964,training
22693,training
24270,training
11996,training
16419,training
19193,training
4610,training
332,training
4758,training
2910,training
4212,training
530,training
7924,training
11803,training
22113,training
18582,training
23728,training
14871,training
18867,training
15733,training
13212,training
14995,training
13687,training
6154,training
2102,training
22145,training
6220,training
22617,training
13647,training
14183,training
24582,training
23888,training
3934,training
8470,training
20666,training
24753,training
9228,training
24376,training
11529,training
1010,training
17521,training
11840,training
16665,training
6022,training
15908,training
19443,training
24502,training
14616,training
4011,training
20071,training
6991,training
21613,training
18606,training
10751,training
5845,training
20693,training
6302,training
7595,training
23524,training
20760,training
16949,training
166,training
11865,training
6949,training
22911,training
20980,training
14681,training
11670,training
13583,training
10577,training
8155,training
24204,training
16081,training
13855,training
11980,training
10386,training
3397,training
14330,training
987,training
23995,training
4213,training
4575,training
2312,training
6159,training
20205,training
10771,training
2355,training
7203,training
22860,training
12325,training
7730,training
2834,training
12478,training
18176,training
18943,training
10489,training
9850,training
12948,training
5584,training
1033,training
5187,training
5028,training
24607,training
3289,training
1110,training
11118,training
20415,training
18435,training
3420,training
15884,training
23805,training
11650,training
16486,training
3617,training
16281,training
15425,training
22299,training
1696,training
24383,training
1690,training
21117,training
14711,training
12409,training
17230,training
20766,training
24681,training
21190,training
21784,training
5481,training
15822,training
14032,training
3090,training
16152,training
11275,training
18538,training
8512,training
24509,training
21798,training
18536,training
6002,training
3002,training
117,training
6483,training
5366,training
15539,training
7240,training
3247,training
541,training
18721,training
18865,training
14797,training
13609,training
5549,training
21027,training
1685,training
11713,training
22351,training
20021,training
18315,training
4679,training
21147,training
13024,training
18808,training
10955,training
6578,training
616,training
20580,training
5428,training
18481,training
13158,training
18543,training
18330,training
14151,training
3768,training
16515,training
23900,training
21257,training
14336,training
8343,training
9882,training
4649,training
2130,training
9168,training
17674,training
6569,training
14466,training
16018,training
9498,training
11497,training
14446,training
3807,training
22407,training
21435,training
15164,training
6066,training
19440,training
24084,training
9381,training
1275,training
24326,training
8450,training
14894,training
24210,training
3974,training
23721,training
9567,training
13081,training
23110,training
4023,training
14680,training
7830,training
20235,training
10718,training
23696,training
18717,training
5342,training
18720,training
21529,training
23543,training
16867,training
8421,training
14296,training
23800,training
309,training
13562,training
6013,training
14517,training
10003,training
7650,training
22873,training
22430,training
1286,training
5539,training
22191,training
16636,training
1861,training
4518,training
169,training
16405,training
12782,training
6695,training
5373,training
7405,training
24372,training
18423,training
14450,training
7259,training
11475,training
24363,training
22107,training
13457,training
4041,training
16658,training
6589,training
7,training
9606,training
1936,training
6121,training
426,training
17630,training
10993,training
4726,training
1224,training
7016,training
14809,training
3513,training
21489,training
10030,training
23155,training
4532,training
20589,training
12203,training
23903,training
566,training
23948,training
1634,training
10395,training
11808,training
11995,training
23345,training
22381,training
18206,training
4012,training
23383,training
16318,training
23181,training
12499,training
21135,training
12488,training
12281,training
18666,training
6426,training
749,training
5744,training
9863,training
8015,training
6255,training
3909,training
19033,training
17951,training
18162,training
21534,training
1119,training
23266,training
16484,training
12774,training
18335,training
23989,training
19990,training
5321,training
12030,training
20857,training
9090,training
9834,training
8378,training
8665,training
21586,training
18462,training
11377,training
20728,training
14161,training
23607,training
4793,training
20387,training
6713,training
21576,training
16232,training
181,training
19588,training
8667,training
2987,training
16426,training
22787,training
16255,training
10733,training
21923,training
1997,training
8603,training
21948,training
20582,training
5417,training
1633,training
20954,training
16342,training
9870,training
4094,training
13035,training
24062,training
7635,training
2772,training
11564,training
12659,training
16376,training
14167,training
19734,training
19590,training
7547,training
13128,training
10724,training
14475,training
15833,training
23933,training
3523,training
12570,training
20820,training
12415,training
6777,training
12056,training
12533,training
14811,training
16650,training
14817,training
20934,training
14626,training
15474,training
6572,training
153,training
20517,training
4478,training
9046,training
4270,training
12456,training
11786,training
474,training
3018,training
19825,training
601,training
21218,training
7989,training
24333,training
22201,training
15870,training
12198,training
4530,training
8288,training
16345,training
23486,training
3818,training
15035,training
2338,training
5474,training
19762,training
716,training
23706,training
10370,training
22236,training
22564,training
15214,training
1471,training
19389,training
2392,training
19599,training
13760,training
10080,training
10404,training
11205,training
23241,training
8868,training
7973,training
7598,training
21794,training
10536,training
7636,training
24431,training
13129,training
16372,training
2707,training
17068,training
24520,training
6837,training
15053,training
13085,training
11014,training
5188,training
7829,training
24331,training
12727,training
13119,training
311,training
14437,training
15495,training
16206,training
2800,training
13850,training
15515,training
13748,training
12256,training
1285,training
6305,training
20555,training
10164,training
17698,training
14035,training
11337,training
13500,training
572,training
14515,training
1189,training
208,training
23018,training
16414,training
2140,training
9212,training
16718,training
4359,training
11798,training
23006,training
7860,training
983,training
20673,training
14100,training
3281,training
13610,training
7006,training
21356,training
19405,training
13269,training
8774,training
17375,training
2802,training
9354,training
10049,training
17897,training
1451,training
17893,training
6652,training
11746,training
7478,training
21503,training
8933,training
7788,training
15710,training
10202,training
2157,training
4032,training
22064,training
20374,training
1323,training
18131,training
12892,training
23909,training
804,training
21604,training
17011,training
12021,training
6098,training
19608,training
1993,training
15328,training
5203,training
11311,training
5652,training
16673,training
6907,training
8084,training
23024,training
21131,training
4492,training
23986,training
5673,training
3561,training
13675,training
19766,training
4574,training
16699,training
17908,training
18452,training
16938,training
11308,training
19334,training
17264,training
12910,training
13297,training
16125,training
4449,training
17101,training
6072,training
15236,training
6659,training
6236,training
18688,training
15955,training
4616,training
378,training
20845,training
16176,training
20713,training
10634,training
6434,training
11165,training
1838,training
2318,training
2060,training
427,training
17478,training
3229,training
24667,training
7850,training
7954,training
5288,training
892,training
12190,training
3705,training
15739,training
2757,training
22156,training
22800,training
7357,training
3013,training
11408,training
15538,training
10917,training
16964,training
18736,training
16297,training
8223,training
4,training
2025,training
22941,training
694,training
8255,training
602,training
15157,training
14617,training
699,training
16791,training
15304,training
6905,training
16749,training
19794,training
11112,training
14265,training
3108,training
4167,training
6606,training
18855,training
5131,training
7679,training
15518,training
2459,training
6504,training
19037,training
9095,training
24565,training
22344,training
24410,training
9507,training
10632,training
20812,training
16722,training
18936,training
18698,training
13327,training
8822,training
12098,training
12444,training
21867,training
15860,training
17809,training
5257,training
18833,training
2865,training
5913,training
9839,training
13842,training
12259,training
22935,training
20063,training
4748,training
24725,training
7495,training
12979,training
10613,training
22764,training
6427,training
1947,training
13209,training
21757,training
19156,training
4710,training
8218,training
19479,training
21843,training
21746,training
18655,training
23173,training
10317,training
6033,training
16403,training
20569,training
20371,training
9949,training
14896,training
14368,training
6612,training
8348,training
2236,training
13648,training
19002,training
20064,training
14139,training
11344,training
15360,training
24631,training
16896,training
1535,training
23856,training
17643,training
17502,training
14762,training
16522,training
10647,training
8426,training
17792,training
2562,training
15714,training
17479,training
4045,training
22513,training
17868,training
5452,training
16534,training
22777,training
21930,training
4723,training
22175,training
5542,training
132,training
1477,training
101,training
20037,training
22300,training
12803,training
2147,training
22071,training
6728,training
15545,training
12213,training
15418,training
12310,training
24369,training
20891,training
19600,training
6780,training
8878,training
6869,training
21034,training
7994,training
12662,training
10927,training
12801,training
10707,training
1511,training
15603,training
17720,training
22971,training
15766,training
10883,training
39,training
1935,training
21909,training
20161,training
13682,training
15959,training
16625,training
7262,training
4276,training
15537,training
21530,training
4086,training
8150,training
17307,training
10916,training
21076,training
19457,training
17492,training
19145,training
13385,training
8393,training
18227,training
3450,training
23787,training
7424,training
22083,training
24009,training
17950,training
14802,training
17517,training
24145,training
207,training
759,training
22053,training
6120,training
5201,training
12619,training
1808,training
19916,training
12280,training
4157,training
17180,training
21793,training
14613,training
3514,training
16114,training
11039,training
24538,training
22707,training
2026,training
19799,training
12642,training
18993,training
22033,training
488,training
23237,training
4740,training
9009,training
23198,training
3917,training
18195,training
10728,training
23338,training
394,training
11779,training
545,training
2262,training
7614,training
3906,training
23652,training
1502,training
6731,training
12558,training
18963,training
2362,training
296,training
10359,training
21379,training
4396,training
3008,training
14804,training
22403,training
3277,training
23108,training
6562,training
11844,training
22139,training
7363,training
16957,training
14592,training
6518,training
18104,training
5534,training
721,training
14599,training
11473,training
11981,training
3975,training
21407,training
17340,training
7655,training
13106,training
11866,training
24028,training
24408,training
10987,training
17669,training
24305,training
23276,training
4878,training
20648,training
11538,training
16185,training
16300,training
12743,training
373,training
4708,training
5376,training
2005,training
17197,training
7852,training
3668,training
13293,training
6063,training
21767,training
22828,training
581,training
15993,training
17136,training
2208,training
14826,training
3779,training
686,training
299,training
18716,training
21462,training
8605,training
237,training
3570,training
23179,training
24662,training
2067,training
5135,training
23583,training
3439,training
17876,training
17529,training
20151,training
21066,training
16154,training
11872,training
23733,training
21088,training
10765,training
12387,training
21421,training
5289,training
3698,training
13811,training
20000,training
14706,training
22518,training
13404,training
22961,training
11136,training
18767,training
14282,training
19166,training
683,training
21888,training
8837,training
23964,training
12581,training
2420,training
7714,training
5981,training
16758,training
17050,training
2150,training
19657,training
7925,training
20566,training
5839,training
10809,training
8488,training
6514,training
18250,training
10179,training
6431,training
18985,training
22902,training
11477,training
11599,training
11543,training
2836,training
3783,training
24137,training
16439,training
16548,training
13082,training
22296,training
20351,training
23955,training
13510,training
4622,training
13407,training
10024,training
8565,training
20001,training
20628,training
4366,training
9073,training
5104,training
18267,training
18697,training
15704,training
2112,training
17738,training
12788,training
16412,training
20787,training
1605,training
4504,training
19314,training
21933,training
14371,training
4083,training
12363,training
12311,training
20669,training
13959,training
9166,training
13172,training
2713,training
2710,training
9728,training
10820,training
10882,training
3178,training
22294,training
20981,training
15013,training
9180,training
21641,training
13835,training
23698,training
10898,training
13361,training
4073,training
23858,training
6385,training
18302,training
8642,training
13506,training
23060,training
20856,training
22465,training
6817,training
8275,training
22577,training
5720,training
16833,training
13447,training
727,training
1738,training
2918,training
14901,training
11553,training
21397,training
7838,training
2044,training
187,training
23507,training
21960,training
5277,training
1068,training
16641,training
14683,training
21452,training
24124,training
4687,training
10282,training
22130,training
15614,training
12052,training
22595,training
23663,training
17480,training
8971,training
24421,training
10269,training
516,training
5438,training
3039,training
20565,training
2601,training
23797,training
21711,training
14142,training
14577,training
22435,training
2177,training
5033,training
22567,training
16808,training
3588,training
8479,training
4742,training
11615,training
1532,training
13074,training
23746,training
1656,training
22357,training
10085,training
16908,training
2726,training
15280,training
2745,training
18887,training
3867,training
4415,training
24672,training
13039,training
9363,training
22332,training
5965,training
7897,training
8551,training
8449,training
12214,training
10578,training
12457,training
22240,training
4507,training
243,training
4817,training
9703,training
23732,training
15676,training
10493,training
22315,training
9601,training
12784,training
18368,training
18603,training
7703,training
8179,training
11458,training
18764,training
17870,training
21939,training
15299,training
7722,training
12011,training
13507,training
8002,training
14951,training
2054,training
6148,training
893,training
13795,training
20171,training
8649,training
21753,training
11772,training
24169,training
12555,training
10782,training
21820,training
13856,training
4713,training
13252,training
12380,training
9758,training
1905,training
3392,training
23264,training
22379,training
24649,training
13717,training
2244,training
20258,training
7809,training
6379,training
425,training
20277,training
14912,training
22786,training
18102,training
18837,training
16599,training
17649,training
1292,training
24583,training
23774,training
18572,training
13751,training
15617,training
1307,training
18685,training
12501,training
1083,training
1242,training
9059,training
24481,training
5901,training
12504,training
24771,training
23412,training
1564,training
2566,training
6860,training
19769,training
16909,training
11941,training
5046,training
12591,training
6953,training
20400,training
4243,training
7379,training
12969,training
5041,training
24107,training
4631,training
24388,training
22753,training
2522,training
10708,training
7346,training
20297,training
16651,training
16684,training
4747,training
7969,training
10001,training
911,training
10438,training
19933,training
20370,training
4031,training
9121,training
10893,training
5817,training
14004,training
9490,training
24748,training
2708,training
20636,training
19807,training
3349,training
22906,training
3328,training
90,training
6452,training
12155,training
3470,training
22229,training
19972,training
19014,training
913,training
18792,training
21804,training
6433,training
7214,training
13226,training
17932,training
1954,training
10539,training
19025,training
16613,training
12242,training
20403,training
12068,training
12265,training
20467,training
6218,training
20562,training
24187,training
4657,training
14893,training
7197,training
1939,training
2666,training
1577,training
10248,training
6356,training
863,training
11790,training
22591,training
1027,training
4121,training
22664,training
9558,training
23330,training
24428,training
12370,training
17567,training
2867,training
799,training
7892,training
21698,training
7261,training
23042,training
13658,training
1405,training
2274,training
14073,training
24312,training
9393,training
15107,training
17135,training
5815,training
11707,training
12369,training
22665,training
18062,training
20291,training
18687,training
5849,training
4533,training
5506,training
4319,training
14449,training
12937,training
8788,training
16249,training
7071,training
11536,training
3615,training
9810,training
13088,training
24418,training
15204,training
1507,training
16068,training
3942,training
486,training
11512,training
21921,training
20298,training
4460,training
8128,training
8460,training
16696,training
14531,training
18143,training
17662,training
21422,training
17642,training
2996,training
21967,training
12657,training
18342,training
5869,training
20778,training
18917,training
10421,training
3269,training
24170,training
8086,training
9885,training
23872,training
17736,training
15820,training
2450,training
8,training
24278,training
21631,training
8829,training
17221,training
16589,training
6074,training
17138,training
4248,training
4014,training
15069,training
7279,training
20103,training
6371,training
4346,training
5087,training
18169,training
22923,training
18780,training
13179,training
14509,training
8338,training
17885,training
3408,training
24091,training
7445,training
17504,training
20102,training
23664,training
11464,training
10319,training
8072,training
5035,training
12688,training
7578,training
18745,training
15826,training
13406,training
14062,training
14982,training
2920,training
1990,training
13494,training
23135,training
24658,training
12814,training
14580,training
10933,training
1657,training
21989,training
11219,training
20028,training
1455,training
16823,training
10583,training
1327,training
16023,training
19437,training
3495,training
18950,training
3880,training
8486,training
9723,training
13065,training
14919,training
11758,training
18044,training
20823,training
22147,training
1206,training
5693,training
20956,training
11142,training
15533,training
20538,training
16244,training
6538,training
14171,training
11681,training
23005,training
3477,training
18989,training
10499,training
20862,training
905,training
17185,training
19661,training
8609,training
13848,training
20531,training
2099,training
22788,training
19688,training
10333,training
5954,training
971,training
2692,training
3274,training
2483,training
20846,training
14325,training
7122,training
7974,training
16915,training
23529,training
22417,training
19777,training
14609,training
7419,training
18691,training
15536,training
7681,training
10017,training
3490,training
24532,training
10423,training
2138,training
5086,training
5632,training
14981,training
2435,training
21445,training
4237,training
15338,training
6781,training
11047,training
1287,training
18734,training
17436,training
17027,training
14180,training
18599,training
11096,training
8584,training
16886,training
17227,training
24202,training
15674,training
18587,training
8042,training
3511,training
10515,training
7775,training
16552,training
8397,training
19873,training
21085,training
11624,training
4115,training
23083,training
3416,training
7342,training
14723,training
11390,training
24717,training
16400,training
1705,training
19229,training
23273,training
17419,training
2288,training
13402,training
20391,training
8182,training
15487,training
14469,training
20831,training
20066,training
15439,training
15532,training
15953,training
23023,training
24395,training
4613,training
10146,training
24564,training
12786,training
22528,training
11740,training
13742,training
16583,training
19585,training
16252,training
6312,training
8234,training
5669,training
20311,training
15879,training
21648,training
20200,training
15534,training
17787,training
13079,training
2176,training
13882,training
24300,training
9799,training
12358,training
16708,training
15093,training
15362,training
9099,training
733,training
5147,training
9350,training
11730,training
22861,training
5426,training
11565,training
17547,training
23505,training
20018,training
4961,training
4350,training
3346,training
8948,training
6084,training
3578,training
3827,training
5733,training
2169,training
16117,training
9184,training
11389,training
5436,training
9950,training
13632,training
3718,training
24090,training
4641,training
21928,training
11097,training
16897,training
17606,training
16139,training
19058,training
22134,training
5563,training
505,training
21853,training
59,training
22684,training
3748,training
14231,training
18379,training
4783,training
1734,training
12408,training
4718,training
4552,training
2501,training
23514,training
6225,training
7559,training
10503,training
14016,training
22273,training
20764,training
13386,training
20115,training
12133,training
8431,training
18057,training
339,training
6501,training
22490,training
23801,training
12344,training
2858,training
10334,training
15244,training
16911,training
6795,training
13664,training
9382,training
8109,training
8568,training
5243,training
16472,training
22111,training
18971,training
5076,training
18347,training
10865,training
19629,training
21987,training
16978,training
17970,training
21760,training
13728,training
24340,training
23673,training
24114,training
7244,training
2615,training
5323,training
19434,training
21782,training
6935,training
19862,training
6913,training
14685,training
7504,training
11366,training
2299,training
24488,training
15867,training
15248,training
10010,training
4225,training
6432,training
17779,training
13233,training
18868,training
19556,training
5738,training
21148,training
19892,training
13934,training
5240,training
2765,training
13738,training
5090,training
9047,training
13750,training
10323,training
19675,training
5937,training
3147,training
9968,training
2531,training
18951,training
18604,training
21279,training
2109,training
13538,training
20887,training
834,training
7638,training
6639,training
24227,training
15479,training
9551,training
9408,training
17761,training
10304,training
20771,training
20443,training
7706,training
8077,training
16761,training
19651,training
19698,training
15176,training
20770,training
10477,training
1538,training
16556,training
2830,training
13439,training
11719,training
10301,training
17336,training
22157,training
1438,training
20253,training
15579,training
21071,training
22221,training
21041,training
22549,training
18120,training
22272,training
17061,training
7390,training
11503,training
7270,training
17557,training
1582,training
18755,training
5050,training
10089,training
11750,training
12278,training
232,training
12017,training
19042,training
674,training
22173,training
10006,training
11012,training
3852,training
9256,training
5504,training
20061,training
20943,training
17063,training
11086,training
17484,training
9112,training
20165,training
20721,training
21965,training
19525,training
13378,training
9717,training
5234,training
11748,training
3642,training
22495,training
10439,training
16451,training
21350,training
17213,training
13804,training
7246,training
14114,training
736,training
6464,training
6177,training
6690,training
9735,training
11938,training
3338,training
12989,training
20501,training
21592,training
21044,training
4977,training
3991,training
9750,training
18385,training
22497,training
5771,training
4792,training
19761,training
11820,training
17058,training
19168,training
12018,training
8571,training
22249,training
13338,training
22858,training
4393,training
23534,training
8347,training
23010,training
1501,training
6071,training
15421,training
288,training
14881,training
6491,training
6283,training
9431,training
10245,training
23692,training
7837,training
19584,training
10002,training
20715,training
16730,training
5582,training
9840,training
374,training
23377,training
4702,training
9082,training
2567,training
20866,training
12769,training
1036,training
10768,training
23522,training
3188,training
22268,training
13320,training
21324,training
8473,training
10165,training
10242,training
24603,training
21271,training
10232,training
6439,training
6622,training
15770,training
19043,training
13950,training
692,training
6694,training
4283,training
9024,training
7353,training
19299,training
14448,training
10826,training
17676,training
1614,training
10429,training
7128,training
7590,training
12775,training
15363,training
4293,training
5548,training
7281,training
21748,training
18645,training
7991,training
16466,training
17272,training
6544,training
16577,training
17385,training
11549,training
8549,training
210,training
7067,training
2453,training
21178,training
15387,training
10259,training
6691,training
4300,training
21916,training
22502,training
369,training
3088,training
1474,training
8312,training
23959,training
537,training
3970,training
20920,training
24621,training
24471,training
5928,training
5577,training
11792,training
10063,training
16835,training
13483,training
24467,training
12867,training
22051,training
4888,training
21419,training
11260,training
22752,training
1329,training
14222,training
16505,training
21726,training
22582,training
1469,training
10770,training
21907,training
1308,training
5249,training
20418,training
3321,training
19316,training
20077,training
7727,training
11911,training
7939,training
11208,training
10361,training
5588,training
14285,training
17961,training
23996,training
12001,training
3584,training
19753,training
6887,training
1343,training
1769,training
7166,training
8166,training
16882,training
24516,training
15845,training
20917,training
1759,training
18278,training
6692,training
20488,training
5309,training
4730,training
5985,training
13933,training
14122,training
17345,training
20886,training
8266,training
19105,training
23216,training
2835,training
10456,training
8704,training
79,training
22119,training
2482,training
17036,training
14102,training
5265,training
6640,training
4036,training
4991,training
4554,training
5235,training
15816,training
11584,training
19835,training
8067,training
19196,training
12258,training
24175,training
16003,training
24197,training
8103,training
21244,training
250,training
18258,training
11417,training
19179,training
1377,training
9671,training
19128,training
10776,training
19978,training
15995,training
18922,training
11286,training
11062,training
18275,training
12918,training
2739,training
21881,training
3248,training
532,training
1908,training
9399,training
439,training
1201,training
20722,training
19384,training
619,training
5960,training
21617,training
19414,training
2524,training
7464,training
4263,training
14386,training
17424,training
20314,training
10674,training
14872,training
4698,training
24396,training
7295,training
13947,training
14816,training
2135,training
12152,training
7435,training
3624,training
7338,training
7843,training
12601,training
4827,training
7816,training
5663,training
517,training
16590,training
13549,training
11648,training
363,training
5518,training
6742,training
3265,training
8823,training
23359,training
9327,training
11290,training
14276,training
5773,training
5239,training
23709,training
9543,training
5939,training
10415,training
21833,training
5999,training
23444,training
16207,training
10563,training
6850,training
9169,training
894,training
14799,training
793,training
23350,training
2807,training
18553,training
17624,training
8710,training
6351,training
3107,training
17217,training
18174,training
5472,training
6800,training
14332,training
1067,training
13640,training
13908,training
10602,training
9345,training
13084,training
18362,training
22645,training
9426,training
3117,training
4159,training
10569,training
12102,training
940,training
13590,training
3056,training
7525,training
22756,training
5574,training
20803,training
14492,training
13397,training
13696,training
3264,training
20122,training
10420,training
5418,training
8045,training
6693,training
5888,training
10449,training
22255,training
7564,training
1960,training
22102,training
23576,training
20699,training
19149,training
21063,training
2413,training
21707,training
8718,training
16750,training
5470,training
12832,training
6341,training
7580,training
23630,training
16449,training
21992,training
9754,training
12112,training
11887,training
21514,training
7657,training
22341,training
17713,training
1419,training
8012,training
9394,training
17920,training
24104,training
13988,training
19473,training
13964,training
20621,training
14669,training
13563,training
18784,training
6870,training
20598,training
5759,training
4561,training
15841,training
20941,training
18167,training
22043,training
8550,training
9484,training
4910,training
3890,training
16184,training
468,training
18707,training
13975,training
22516,training
19632,training
3897,training
14879,training
19811,training
21819,training
8413,training
22364,training
18374,training
67,training
19636,training
21936,training
21426,training
13801,training
23376,training
9702,training
8661,training
9409,training
15485,training
12665,training
5761,training
21856,training
19435,training
5402,training
1473,training
23095,training
1658,training
12564,training
17496,training
20168,training
16359,training
16263,training
24046,training
21978,training
20016,training
5957,training
14201,training
21225,training
4355,training
13048,training
14489,training
21166,training
22324,training
7543,training
20959,training
14408,training
18005,training
3602,training
3695,training
10231,training
6461,training
21926,training
23494,training
9611,training
9682,training
22846,training
4781,training
18293,training
11070,training
9970,training
21712,training
17010,training
13241,training
17940,training
1246,training
3686,training
11413,training
14977,training
18009,training
23082,training
4620,training
23126,training
10307,training
19644,training
16153,training
8585,training
2481,training
4136,training
5810,training
23528,training
16992,training
23136,training
4568,training
20251,training
8168,training
22903,training
2195,training
18851,training
8910,training
13307,training
8942,training
3781,training
21690,training
23701,training
21137,training
21917,training
19575,training
16078,training
21941,training
2020,training
24697,training
14244,training
6926,training
12612,training
12031,training
7365,training
19265,training
1937,training
6019,training
23361,training
24405,training
13167,training
12915,training
22973,training
8404,training
16946,training
16898,training
11628,training
11732,training
19347,training
11818,training
4405,training
15911,training
19409,training
9127,training
21142,training
8090,training
18418,training
1819,training
13896,training
3517,training
14348,training
3295,training
24577,training
4624,training
11901,training
10829,training
24609,training
1097,training
23790,training
9155,training
4269,training
18111,training
4105,training
7567,training
15359,training
13666,training
13784,training
2701,training
20618,training
14863,training
13132,training
11187,training
10792,training
11774,training
18860,training
21751,training
1358,training
7993,training
134,training
15719,training
5760,training
20032,training
10902,training
483,training
12851,training
7571,training
81,training
7807,training
18439,training
23064,training
11304,training
4061,training
4388,training
21919,training
20085,training
23342,training
18584,training
5485,training
3351,training
3524,training
7894,training
20160,training
10742,training
20339,training
19028,training
8229,training
10351,training
4939,training
14008,training
10817,training
6188,training
14052,training
24450,training
12037,training
24589,training
20539,training
16194,training
9494,training
21949,training
13802,training
14907,training
13875,training
18597,training
8119,training
10488,training
10086,training
8814,training
17675,training
21664,training
7661,training
1370,training
5505,training
1094,training
2948,training
17306,training
18932,training
18730,training
14027,training
11463,training
3184,training
1636,training
14021,training
12322,training
453,training
15399,training
14697,training
18873,training
23685,training
11641,training
3965,training
19754,training
21378,training
9218,training
8870,training
17770,training
15989,training
5354,training
5613,training
17333,training
1506,training
16633,training
15764,training
9130,training
15790,training
10783,training
23626,training
23205,training
19818,training
18490,training
21195,training
9134,training
1782,training
17781,training
14696,training
13944,training
6822,training
21493,training
22411,training
6586,training
11374,training
11712,training
24445,training
22817,training
17996,training
10655,training
18473,training
8863,training
20335,training
23032,training
4099,training
20825,training
22234,training
4648,training
732,training
15029,training
16659,training
24279,training
4354,training
8465,training
15767,training
14277,training
24324,training
9021,training
2261,training
5573,training
7361,training
6374,training
4556,training
7056,training
15070,training
23234,training
7026,training
11645,training
1570,training
1624,training
7701,training
18477,training
10894,training
1799,training
19828,training
186,training
4252,training
11168,training
23435,training
18769,training
10469,training
4024,training
11916,training
7456,training
1241,training
24242,training
3102,training
20093,training
22501,training
23751,training
12678,training
18620,training
18512,training
6620,training
9248,training
20247,training
4329,training
14922,training
22200,training
22555,training
21772,training
13886,training
22621,training
22574,training
18889,training
8699,training
381,training
8310,training
11000,training
1893,training
16591,training
23297,training
242,training
7452,training
12618,training
7836,training
714,training
20007,training
19030,training
1733,training
6049,training
8835,training
15375,training
2669,training
12257,training
3531,training
5503,training
19994,training
15442,training
21920,training
24150,training
18261,training
18179,training
8199,training
131,training
6981,training
13542,training
16072,training
19356,training
18241,training
7966,training
8487,training
17382,training
4306,training
9684,training
10566,training
1956,training
2896,training
19700,training
2767,training
1804,training
22047,training
18834,training
10764,training
1407,training
1256,training
24241,training
3719,training
8302,training
13002,training
20586,training
10876,training
8055,training
17015,training
15904,training
102,training
21213,training
18574,training
3656,training
21485,training
3804,training
18589,training
14739,training
6889,training
21437,training
12483,training
14239,training
24747,training
24628,training
6686,training
7269,training
22596,training
12853,training
15888,training
9739,training
2364,training
1622,training
679,training
19970,training
17685,training
11736,training
8369,training
16437,training
19454,training
19891,training
23837,training
17172,training
14162,training
10238,training
21656,training
19669,training
22131,training
16223,training
21385,training
8148,training
3744,training
23845,training
24017,training
9784,training
18205,training
12162,training
16198,training
16743,training
15476,training
7360,training
5137,training
16292,training
20076,training
14407,training
12036,training
17140,training
13245,training
8212,training
16093,training
12372,training
14755,training
22728,training
22392,training
22485,training
7539,training
13369,training
8452,training
21474,training
9454,training
11797,training
14589,training
1660,training
6173,training
5533,training
2219,training
19190,training
14218,training
9924,training
9064,training
2686,training
10180,training
21901,training
11500,training
14025,training
10932,training
1125,training
6388,training
15696,training
6769,training
19337,training
6650,training
2655,training
5520,training
24677,training
21310,training
6456,training
21955,training
14363,training
15276,training
11688,training
22050,training
5468,training
11247,training
23293,training
24382,training
13539,training
13340,training
13646,training
1971,training
7677,training
9452,training
24173,training
372,training
21693,training
3028,training
6964,training
24166,training
21646,training
15193,training
3530,training
23319,training
16304,training
4813,training
10646,training
12627,training
20423,training
722,training
23007,training
8836,training
24314,training
22220,training
23022,training
7819,training
22692,training
13874,training
22232,training
16842,training
415,training
4997,training
11190,training
3577,training
24276,training
11398,training
22281,training
8902,training
5933,training
1737,training
23987,training
17228,training
16361,training
20327,training
13621,training
4523,training
10856,training
7487,training
20179,training
10434,training
14921,training
12842,training
12589,training
2018,training
18904,training
11350,training
9181,training
7620,training
14898,training
1865,training
11025,training
19742,training
16415,training
11576,training
1162,training
19011,training
17266,training
6773,training
5512,training
18332,training
16506,training
17552,training
11104,training
5907,training
1726,training
17390,training
22757,training
15419,training
10524,training
5400,training
5172,training
13444,training
10937,training
7713,training
11017,training
23000,training
11496,training
5581,training
14459,training
22460,training
5501,training
20661,training
14331,training
13829,training
7155,training
5043,training
5546,training
1084,training
3409,training
23492,training
4077,training
15698,training
11876,training
11041,training
611,training
7376,training
14611,training
15599,training
5828,training
6292,training
1617,training
22193,training
11835,training
16660,training
1100,training
17422,training
21303,training
22068,training
20208,training
21892,training
13479,training
5641,training
13574,training
12904,training
3221,training
18725,training
283,training
20147,training
23483,training
8499,training
14294,training
13182,training
21551,training
163,training
2467,training
8687,training
18534,training
22185,training
5391,training
8267,training
7081,training
6147,training
3932,training
23200,training
18686,training
4744,training
1664,training
11494,training
8209,training
4451,training
4737,training
7037,training
3795,training
10381,training
22719,training
24038,training
20490,training
13465,training
19101,training
184,training
20050,training
20940,training
14015,training
19470,training
2587,training
23548,training
463,training
6103,training
21701,training
2617,training
16931,training
6232,training
7170,training
10409,training
12184,training
857,training
4296,training
23230,training
18085,training
17364,training
4809,training
10020,training
11189,training
21525,training
14156,training
13618,training
9366,training
2314,training
22878,training
15314,training
11516,training
16929,training
3900,training
12949,training
15186,training
24731,training
19834,training
17790,training
23779,training
15561,training
21618,training
16298,training
11050,training
12673,training
17772,training
17899,training
4983,training
18782,training
9980,training
774,training
22963,training
1537,training
10362,training
20215,training
2786,training
177,training
18051,training
24723,training
17865,training
10812,training
17183,training
12798,training
3898,training
6556,training
13678,training
980,training
14564,training
6944,training
18723,training
6999,training
20784,training
4735,training
2124,training
2178,training
9751,training
3016,training
24512,training
11654,training
19423,training
10542,training
11510,training
24495,training
960,training
450,training
9349,training
24487,training
20605,training
15606,training
1138,training
17949,training
22876,training
8915,training
19665,training
13329,training
7077,training
23019,training
5475,training
20502,training
495,training
5081,training
19540,training
8405,training
11694,training
6879,training
23612,training
16169,training
1790,training
20108,training
2541,training
929,training
14158,training
12463,training
2486,training
1421,training
16240,training
11547,training
871,training
18003,training
9152,training
2582,training
14845,training
23780,training
21981,training
22505,training
7236,training
22801,training
15941,training
6654,training
4664,training
5457,training
5096,training
8674,training
22599,training
22661,training
17667,training
1410,training
9096,training
6717,training
3949,training
8799,training
535,training
4808,training
9192,training
19601,training
16976,training
9744,training
11504,training
6029,training
5213,training
19293,training
14135,training
10474,training
19015,training
24557,training
11550,training
23811,training
24713,training
6497,training
22125,training
3223,training
18715,training
22440,training
8737,training
23118,training
19087,training
1794,training
11502,training
21887,training
24602,training
22106,training
16500,training
909,training
7884,training
11841,training
10210,training
19136,training
2609,training
15969,training
2035,training
9465,training
17887,training
20455,training
1833,training
5538,training
14433,training
12177,training
22526,training
14584,training
5233,training
3209,training
24749,training
18134,training
24535,training
14391,training
18548,training
16233,training
2186,training
995,training
21210,training
11595,training
20477,training
7230,training
11393,training
18740,training
11725,training
18191,training
16310,training
16432,training
3681,training
4877,training
11434,training
16858,training
11483,training
4179,training
23694,training
16968,training
4178,training
18129,training
23255,training
1101,training
17378,training
23235,training
5726,training
2743,training
15709,training
14554,training
20834,training
11224,training
4785,training
4839,training
5560,training
10969,training
19273,training
108,training
23831,training
17711,training
10000,training
20795,training
14361,training
4128,training
15744,training
8954,training
17653,training
6011,training
21569,training
22312,training
18018,training
18175,training
14555,training
10703,training
11451,training
3913,training
4540,training
1179,training
11295,training
19419,training
1745,training
20336,training
12379,training
4650,training
16554,training
21025,training
8926,training
7367,training
4857,training
22734,training
15092,training
14664,training
457,training
17710,training
16487,training
6201,training
22895,training
9998,training
24260,training
15080,training
3180,training
16907,training
1495,training
22248,training
1128,training
20185,training
12447,training
20782,training
21163,training
8648,training
14076,training
6408,training
19663,training
5667,training
18306,training
9661,training
9413,training
22383,training
9209,training
10399,training
5812,training
19296,training
23605,training
21630,training
10523,training
2010,training
11877,training
12440,training
11527,training
10828,training
17328,training
8023,training
7919,training
13986,training
10797,training
17334,training
16892,training
23729,training
5174,training
15775,training
13965,training
6545,training
8847,training
17601,training
6605,training
23055,training
18322,training
14195,training
6182,training
2829,training
4170,training
2818,training
6702,training
7073,training
713,training
11244,training
18469,training
23585,training
16246,training
19851,training
20417,training
22833,training
13131,training
4606,training
18170,training
8447,training
18061,training
20358,training
23568,training
3017,training
8587,training
12751,training
4862,training
7055,training
14985,training
14413,training
4797,training
130,training
22103,training
21689,training
20265,training
16963,training
4025,training
11379,training
2845,training
7662,training
8073,training
19987,training
18301,training
12669,training
4395,training
24496,training
21549,training
16572,training
18496,training
3730,training
2989,training
9197,training
4801,training
22422,training
17418,training
9108,training
19359,training
10562,training
1467,training
15723,training
13412,training
13672,training
18753,training
6447,training
13978,training
7518,training
23151,training
22672,training
10140,training
14072,training
1315,training
4608,training
22658,training
748,training
1687,training
11341,training
5298,training
7136,training
3003,training
21054,training
17890,training
16309,training
22978,training
23686,training
6904,training
13585,training
3287,training
23731,training
3888,training
3953,training
4926,training
5820,training
480,training
3234,training
20511,training
16282,training
10073,training
21395,training
19616,training
11895,training
11127,training
5707,training
6191,training
8410,training
10922,training
3504,training
18775,training
3537,training
8157,training
21619,training
2769,training
22455,training
20951,training
16014,training
24576,training
9353,training
11371,training
3710,training
7049,training
3840,training
13627,training
19199,training
13123,training
258,training
1835,training
13456,training
22340,training
9038,training
18192,training
10306,training
9239,training
7092,training
5819,training
13528,training
10212,training
8638,training
19749,training
5059,training
9471,training
15494,training
19568,training
4659,training
5250,training
2207,training
16508,training
20340,training
3996,training
1077,training
891,training
10156,training
24406,training
12748,training
13763,training
21806,training
14780,training
10526,training
7666,training
22781,training
9060,training
6348,training
20905,training
13314,training
11132,training
15169,training
20606,training
21974,training
15269,training
6117,training
21274,training
8364,training
3572,training
3501,training
9359,training
17379,training
17981,training
23649,training
1600,training
18035,training
5972,training
15199,training
21756,training
17112,training
11048,training
12508,training
8161,training
15320,training
12745,training
17959,training
17598,training
9742,training
18421,training
5004,training
20601,training
19726,training
10401,training
6134,training
12276,training
13861,training
4137,training
11226,training
3767,training
17578,training
13979,training
14913,training
194,training
18474,training
23794,training
21600,training
1527,training
3433,training
10805,training
5407,training
13773,training
6939,training
377,training
5113,training
18929,training
2326,training
4028,training
21174,training
10407,training
24195,training
12829,training
19083,training
17742,training
18304,training
9662,training
1,training
21587,training
4639,training
12386,training
11546,training
3961,training
15251,training
8176,training
10492,training
16127,training
14130,training
8941,training
219,training
20233,training
1576,training
2270,training
13536,training
23423,training
13974,training
22142,training
3775,training
20683,training
9435,training
22896,training
17795,training
11299,training
23238,training
14389,training
4323,training
5666,training
9897,training
16422,training
776,training
18271,training
10807,training
9275,training
6529,training
14556,training
10615,training
13727,training
24131,training
17945,training
16453,training
45,training
6090,training
7915,training
5636,training
16245,training
16819,training
14678,training
12765,training
4258,training
21791,training
7516,training
14632,training
17323,training
7697,training
9774,training
10619,training
22058,training
11733,training
21951,training
536,training
10064,training
4017,training
23402,training
20805,training
16745,training
15720,training
23773,training
877,training
14346,training
20088,training
9617,training
12652,training
21364,training
8241,training
6485,training
20775,training
7117,training
8761,training
6277,training
24118,training
4734,training
19075,training
2372,training
2066,training
13567,training
14483,training
19819,training
23431,training
4446,training
1333,training
5866,training
19402,training
8277,training
6451,training
18115,training
11594,training
12847,training
17445,training
15856,training
5441,training
11160,training
22905,training
20261,training
7747,training
4227,training
3400,training
9800,training
23326,training
21486,training
12732,training
1653,training
19521,training
2227,training
8149,training
2967,training
21272,training
23355,training
19717,training
22850,training
20710,training
16261,training
3310,training
20858,training
12264,training
6242,training
20765,training
1345,training
12505,training
20078,training
24778,training
19261,training
8163,training
21555,training
6720,training
5068,training
11186,training
9531,training
24132,training
3368,training
6021,training
2429,training
24545,training
3738,training
3643,training
11957,training
723,training
17782,training
15738,training
8615,training
9347,training
4007,training
22456,training
23177,training
8147,training
12648,training
24416,training
20,training
17877,training
22506,training
16620,training
14794,training
20116,training
15229,training
1854,training
12644,training
17448,training
9292,training
5897,training
15289,training
12871,training
10160,training
20242,training
1806,training
12802,training
24165,training
22646,training
23334,training
10308,training
5476,training
13098,training
14715,training
1176,training
9912,training
12283,training
3374,training
6081,training
3286,training
1002,training
10750,training
7825,training
11984,training
4347,training
9650,training
5875,training
3828,training
12202,training
12518,training
23048,training
23925,training
24546,training
22080,training
23057,training
22242,training
22803,training
8577,training
2607,training
12219,training
19858,training
15588,training
10336,training
24533,training
13164,training
17603,training
22428,training
14529,training
16669,training
23075,training
11100,training
15894,training
695,training
4604,training
200,training
7086,training
9386,training
10861,training
2581,training
11861,training
4037,training
13926,training
7873,training
7408,training
20575,training
7556,training
18,training
8237,training
19776,training
18349,training
5763,training
460,training
4223,training
9743,training
4881,training
12905,training
13325,training
13030,training
157,training
6829,training
5799,training
20065,training
24522,training
2302,training
1240,training
8127,training
4112,training
11446,training
13698,training
4711,training
11202,training
23861,training
5347,training
10694,training
13607,training
7509,training
5508,training
24591,training
18013,training
20574,training
3945,training
15757,training
2955,training
15986,training
12462,training
19617,training
20234,training
3954,training
3685,training
1462,training
22553,training
7461,training
21431,training
12988,training
17909,training
23896,training
19716,training
19147,training
13027,training
15753,training
10392,training
2911,training
20557,training
10450,training
20249,training
23441,training
23799,training
7430,training
10904,training
2127,training
6875,training
13058,training
22096,training
22189,training
13512,training
5627,training
2695,training
6669,training
15454,training
15729,training
18621,training
23969,training
23417,training
22814,training
5471,training
4913,training
8321,training
16894,training
16616,training
14662,training
1131,training
1775,training
16241,training
20416,training
16609,training
23697,training
13485,training
9599,training
4205,training
9890,training
10510,training
13956,training
17844,training
10247,training
19822,training
21526,training
5782,training
15343,training
272,training
19579,training
19580,training
12593,training
14824,training
15837,training
5206,training
23950,training
7475,training
12034,training
21958,training
1122,training
7275,training
4820,training
19992,training
6974,training
21730,training
21369,training
4242,training
396,training
15985,training
17688,training
22374,training
16799,training
15231,training
11751,training
9515,training
7622,training
10305,training
17967,training
15209,training
11462,training
9620,training
23292,training
20281,training
4907,training
16995,training
6419,training
2512,training
234,training
19161,training
14009,training
6901,training
22631,training
7538,training
7522,training
190,training
2650,training
15629,training
15044,training
12272,training
13462,training
4832,training
23577,training
244,training
24389,training
14785,training
3751,training
2129,training
2525,training
3882,training
24521,training
12943,training
9801,training
16341,training
18436,training
7090,training
12868,training
4250,training
12353,training
14970,training
23581,training
7772,training
4630,training
4972,training
3235,training
7864,training
12422,training
11481,training
18126,training
2763,training
6747,training
15827,training
5645,training
20192,training
13683,training
8035,training
3908,training
19583,training
4009,training
15758,training
14510,training
21552,training
9813,training
12747,training
12497,training
19695,training
8215,training
22481,training
11200,training
806,training
7311,training
22652,training
21169,training
18109,training
6928,training
15504,training
576,training
16638,training
15937,training
3650,training
5384,training
642,training
17636,training
4627,training
23784,training
18399,training
6253,training
8629,training
5555,training
605,training
11927,training
19331,training
1678,training
22482,training
9207,training
10422,training
13332,training
9068,training
5386,training
2651,training
9441,training
9905,training
14104,training
12766,training
11229,training
15318,training
3993,training
2595,training
2285,training
7887,training
7911,training
22110,training
14081,training
3352,training
19201,training
21957,training
19355,training
2811,training
7418,training
3051,training
20360,training
2975,training
20884,training
18500,training
5529,training
13225,training
2935,training
12573,training
6583,training
2015,training
10310,training
10250,training
946,training
10554,training
7740,training
16966,training
19343,training
24343,training
10508,training
9859,training
6601,training
3142,training
18501,training
8144,training
4476,training
22413,training
579,training
13045,training
19641,training
21705,training
15174,training
4292,training
11559,training
7319,training
12142,training
14274,training
1037,training
22879,training
24688,training
23233,training
6327,training
6251,training
6632,training
697,training
17262,training
2694,training
2893,training
8238,training
53,training
22162,training
20899,training
21578,training
9526,training
6809,training
4728,training
10682,training
1950,training
7421,training
19606,training
246,training
16762,training
7628,training
17581,training
20776,training
23994,training
15784,training
4597,training
15735,training
687,training
17588,training
9109,training
24761,training
3422,training
7066,training
5882,training
2683,training
24604,training
11356,training
24571,training
8476,training
10992,training
16827,training
23623,training
1712,training
14458,training
10841,training
7815,training
18840,training
18987,training
9013,training
21687,training
15446,training
23274,training
1372,training
9,training
23545,training
4183,training
14385,training
8548,training
12980,training
4646,training
8213,training
5615,training
24283,training
8654,training
2643,training
20545,training
12009,training
22509,training
15765,training
7263,training
18318,training
14099,training
10398,training
18148,training
20385,training
24371,training
1488,training
20835,training
15559,training
18448,training
16810,training
6624,training
14494,training
3136,training
7457,training
17747,training
4547,training
6516,training
15099,training
22910,training
215,training
22437,training
12175,training
7810,training
8471,training
21581,training
20747,training
19255,training
12679,training
14612,training
15109,training
5556,training
22868,training
11312,training
3366,training
14034,training
19961,training
17974,training
7764,training
24138,training
24715,training
16413,training
21101,training
12654,training
16220,training
15302,training
4040,training
17768,training
7555,training
1170,training
6089,training
2205,training
10874,training
23753,training
9294,training
3327,training
20157,training
22267,training
14962,training
6978,training
7264,training
10689,training
4409,training
22805,training
11320,training
4715,training
15227,training
12872,training
22479,training
3791,training
7492,training
17599,training
15096,training
14979,training
4772,training
13059,training
12926,training
84,training
22387,training
13097,training
20877,training
8790,training
12373,training
23711,training
10320,training
9771,training
17629,training
17171,training
16952,training
17404,training
2776,training
18273,training
11313,training
4980,training
8713,training
24716,training
12730,training
17468,training
4810,training
17767,training
10717,training
23172,training
12474,training
2848,training
9304,training
4016,training
20289,training
5285,training
18802,training
7038,training
14570,training
11453,training
68,training
22736,training
3992,training
20123,training
16383,training
23321,training
13335,training
1353,training
24537,training
21239,training
18747,training
9597,training
13428,training
1627,training
20861,training
12318,training
9479,training
8917,training
11392,training
8637,training
13234,training
16089,training
23824,training
19690,training
9895,training
3291,training
9194,training
7948,training
11589,training
6631,training
17538,training
16391,training
13721,training
11726,training
6715,training
8456,training
13173,training
13195,training
3746,training
22546,training
22218,training
4709,training
12897,training
13046,training
15395,training
9357,training
8843,training
5013,training
10353,training
22378,training
17691,training
22525,training
22261,training
6677,training
20079,training
16615,training
7765,training
9554,training
11426,training
11102,training
4459,training
18586,training
20529,training
10453,training
10038,training
17097,training
15337,training
14482,training
19178,training
2497,training
15466,training
6676,training
21026,training
4885,training
9844,training
20696,training
7458,training
2113,training
5746,training
12341,training
8492,training
23760,training
19662,training
2144,training
7723,training
3526,training
20729,training
7454,training
14566,training
11211,training
11673,training
22022,training
5198,training
15780,training
8423,training
71,training
17030,training
10013,training
15748,training
3259,training
1840,training
2572,training
16007,training
16839,training
11364,training
12199,training
21481,training
15272,training
15155,training
17398,training
14791,training
20227,training
7602,training
2544,training
10475,training
6017,training
2662,training
16477,training
6476,training
8590,training
19115,training
2075,training
11706,training
4614,training
11440,training
5879,training
20872,training
6003,training
3,training
19730,training
23555,training
8260,training
23556,training
20287,training
11241,training
19245,training
3471,training
1761,training
1209,training
11278,training
18857,training
1268,training
24152,training
17284,training
23849,training
13616,training
19518,training
9502,training
23041,training
11562,training
9908,training
20750,training
23171,training
23295,training
5886,training
21118,training
9877,training
21319,training
7768,training
12928,training
7327,training
8138,training
8918,training
10322,training
21269,training
17665,training
13109,training
8735,training
16096,training
19049,training
14217,training
614,training
6329,training
3367,training
6387,training
22399,training
24695,training
21810,training
4716,training
22914,training
7224,training
17917,training
23030,training
21723,training
13831,training
11049,training
18816,training
1216,training
17342,training
4854,training
1006,training
7271,training
11430,training
9676,training
4642,training
14242,training
1588,training
24449,training
21627,training
15882,training
23112,training
23906,training
4905,training
17965,training
21524,training
21057,training
8967,training
11347,training
11684,training
3050,training
21717,training
3118,training
8591,training
8874,training
17498,training
18155,training
18832,training
21520,training
9677,training
19934,training
22538,training
7108,training
11804,training
20528,training
23175,training
1312,training
11663,training
265,training
17531,training
13355,training
21841,training
13191,training
11,training
7856,training
14945,training
16279,training
4982,training
13798,training
12651,training
1565,training
8497,training
3865,training
9938,training
9045,training
4553,training
15861,training
21976,training
16994,training
9508,training
497,training
18184,training
23158,training
3299,training
12560,training
2681,training
17866,training
14290,training
15622,training
7184,training
8349,training
9948,training
16165,training
10263,training
9480,training
18340,training
22682,training
14513,training
15694,training
8949,training
14443,training
7831,training
1646,training
9061,training
12666,training
2220,training
420,training
2500,training
15224,training
7913,training
12396,training
23638,training
15201,training
6803,training
22060,training
1208,training
315,training
4897,training
19102,training
17569,training
96,training
8886,training
5807,training
11523,training
976,training
10823,training
9724,training
2240,training
21779,training
6580,training
8711,training
4301,training
22571,training
8121,training
4138,training
12297,training
21750,training
16033,training
21624,training
17253,training
2324,training
7407,training
24660,training
16031,training
663,training
23877,training
2309,training
9956,training
3843,training
7140,training
14716,training
7029,training
21221,training
5706,training
20118,training
17904,training
20033,training
9632,training
6027,training
23947,training
17232,training
19309,training
5425,training
18872,training
9534,training
11336,training
17510,training
17648,training
18979,training
2548,training
22443,training
17780,training
10636,training
15378,training
6528,training
15033,training
3978,training
23011,training
3868,training
15880,training
14403,training
17668,training
20786,training
16321,training
23962,training
8092,training
10538,training
21639,training
16710,training
8056,training
17408,training
6203,training
15368,training
2304,training
6386,training
18213,training
1057,training
24673,training
12700,training
15303,training
2590,training
17099,training
20225,training
16795,training
23901,training
24251,training
17465,training
17664,training
17856,training
14181,training
167,training
21224,training
16643,training
7812,training
10830,training
11167,training
16196,training
5067,training
204,training
15153,training
10757,training
973,training
15608,training
17673,training
16653,training
23887,training
19536,training
15384,training
3363,training
9329,training
14887,training
3614,training
2951,training
22298,training
3603,training
13704,training
3873,training
7174,training
16865,training
5144,training
24246,training
8925,training
19924,training
10120,training
23305,training
23777,training
9665,training
3239,training
6649,training
1818,training
18754,training
21450,training
8314,training
22852,training
24709,training
2275,training
8235,training
16516,training
17816,training
2677,training
2723,training
15909,training
16542,training
22468,training
22037,training
7192,training
16563,training
7441,training
6331,training
16948,training
16543,training
8904,training
1877,training
4216,training
14604,training
15091,training
2611,training
17191,training
24295,training
17749,training
2418,training
1202,training
13020,training
6838,training
21392,training
9119,training
22543,training
24284,training
4042,training
15586,training
1461,training
1165,training
14369,training
22304,training
8513,training
3667,training
8282,training
14783,training
22406,training
15340,training
3566,training
5393,training
802,training
6847,training
12250,training
18517,training
7977,training
6391,training
5253,training
11288,training
17481,training
4959,training
4984,training
13136,training
15844,training
1126,training
10614,training
2488,training
15695,training
9343,training
17855,training
21868,training
20256,training
2998,training
7611,training
9400,training
19366,training
23061,training
15747,training
14478,training
9528,training
1344,training
3924,training
7444,training
2557,training
19852,training
14946,training
14280,training
4784,training
12040,training
12233,training
15087,training
21962,training
20530,training
17495,training
12516,training
13834,training
24037,training
18959,training
23277,training
2303,training
10668,training
8946,training
15619,training
12521,training
7356,training
23813,training
14501,training
3071,training
10357,training
494,training
17239,training
10579,training
19056,training
22365,training
11002,training
3918,training
20427,training
24558,training
5923,training
2057,training
8951,training
15067,training
11438,training
1008,training
15101,training
19786,training
18294,training
18116,training
12796,training
19950,training
7546,training
8190,training
9549,training
18611,training
13399,training
20210,training
24540,training
17155,training
19491,training
13868,training
24159,training
19134,training
7824,training
7574,training
8197,training
23763,training
11363,training
5971,training
13251,training
2117,training
24135,training
8227,training
119,training
9397,training
10842,training
11375,training
6788,training
11682,training
17777,training
13044,training
16876,training
11129,training
6856,training
19911,training
19773,training
19046,training
4060,training
17626,training
11452,training
12247,training
15942,training
11979,training
19703,training
13366,training
2478,training
6038,training
22178,training
14676,training
18619,training
17248,training
7163,training
20214,training
19358,training
12974,training
12384,training
8785,training
10605,training
23789,training
14877,training
1663,training
14784,training
13192,training
15917,training
4536,training
16785,training
7619,training
15179,training
3410,training
10428,training
7995,training
2294,training
7175,training
18527,training
9276,training
2179,training
22084,training
15726,training
15546,training
20382,training
14588,training
16145,training
19390,training
17460,training
15711,training
677,training
10443,training
14777,training
10858,training
19207,training
5007,training
3985,training
18150,training
345,training
1220,training
19290,training
10639,training
9224,training
23725,training
1001,training
2977,training
2029,training
4166,training
12597,training
14490,training
14007,training
24643,training
23647,training
3399,training
14301,training
9621,training
15930,training
14168,training
5798,training
4838,training
20888,training
2491,training
6618,training
20656,training
12663,training
12819,training
10599,training
23863,training
22681,training
24330,training
8625,training
20364,training
6760,training
12141,training
21966,training
8384,training
11857,training
10661,training
9871,training
18558,training
14281,training
23362,training
4541,training
21343,training
12506,training
7237,training
21968,training
9268,training
18112,training
2073,training
1610,training
20363,training
5687,training
24501,training
10229,training
23786,training
3519,training
8439,training
17813,training
1942,training
681,training
6634,training
17038,training
4111,training
11082,training
21872,training
22550,training
16820,training
613,training
9115,training
24592,training
16585,training
16133,training
20089,training
23742,training
22898,training
2184,training
10022,training
16526,training
9816,training
9820,training
9622,training
9640,training
17690,training
22203,training
14722,training
895,training
728,training
19210,training
22938,training
3068,training
16880,training
20394,training
6881,training
8247,training
9446,training
10222,training
22789,training
14090,training
23603,training
44,training
17853,training
7857,training
13862,training
20881,training
8047,training
800,training
8291,training
23611,training
3505,training
20591,training
22070,training
4621,training
19267,training
18182,training
9681,training
13957,training
2678,training
14773,training
13822,training
10115,training
17208,training
1512,training
19522,training
336,training
12914,training
19357,training
4932,training
24384,training
13571,training
11788,training
23756,training
22266,training
24647,training
388,training
23388,training
3203,training
21002,training
11598,training
15381,training
9616,training
19351,training
3621,training
18977,training
862,training
8003,training
4529,training
16721,training
14322,training
16803,training
24228,training
1020,training
19864,training
7839,training
17337,training
2754,training
23536,training
1923,training
5779,training
5640,training
21309,training
3567,training
6258,training
19998,training
13187,training
17354,training
22893,training
3990,training
15787,training
15951,training
9865,training
8346,training
9992,training
17586,training
19285,training
14850,training
19221,training
1639,training
20039,training
5703,training
18610,training
14028,training
23393,training
20452,training
16219,training
6789,training
16923,training
22475,training
18897,training
22819,training
3273,training
16493,training
11024,training
12073,training
24229,training
85,training
3135,training
12513,training
19047,training
9688,training
1213,training
3971,training
9884,training
3540,training
4295,training
22151,training
6108,training
9391,training
14984,training
1789,training
10555,training
23594,training
3760,training
22875,training
4063,training
22152,training
21612,training
14923,training
7100,training
6396,training
7185,training
7088,training
23428,training
3830,training
24287,training
23140,training
14926,training
2783,training
21583,training
13236,training
6740,training
20550,training
9143,training
12531,training
7577,training
16561,training
12554,training
9847,training
24082,training
20207,training
7222,training
8820,training
16845,training
3325,training
24148,training
22478,training
20019,training
8501,training
10819,training
10189,training
10233,training
18559,training
13753,training
8296,training
9713,training
17174,training
2947,training
11105,training
18814,training
21795,training
24616,training
1994,training
3372,training
12236,training
10591,training
3987,training
11498,training
11309,training
20915,training
1557,training
23704,training
8111,training
17587,training
19247,training
11845,training
7534,training
16323,training
23715,training
6317,training
24060,training
4232,training
768,training
15644,training
3038,training
1494,training
24606,training
20057,training
11237,training
3508,training
15708,training
7987,training
9421,training
24757,training
19781,training
23379,training
21405,training
570,training
2397,training
4120,training
15889,training
14249,training
18269,training
20048,training
6115,training
2674,training
23567,training
15725,training
18847,training
12530,training
13746,training
16667,training
8641,training
17276,training
7017,training
22184,training
4853,training
12491,training
9020,training
16891,training
3817,training
12453,training
20504,training
4564,training
549,training
10884,training
21580,training
6874,training
13150,training
13523,training
15108,training
17595,training
8859,training
8053,training
2668,training
21885,training
15462,training
15589,training
16157,training
15004,training
15152,training
22177,training
19124,training
15270,training
16065,training
8383,training
17995,training
23122,training
19765,training
6215,training
15779,training
21708,training
19817,training
13400,training
1791,training
7052,training
21774,training
13398,training
9612,training
2882,training
4643,training
18427,training
584,training
24402,training
4915,training
8702,training
18673,training
5600,training
13903,training
24230,training
10403,training
11403,training
9587,training
15147,training
12613,training
14412,training
11081,training
5282,training
5109,training
12218,training
3692,training
21769,training
7064,training
17186,training
19681,training
17994,training
11328,training
23509,training
16950,training
7328,training
3159,training
3431,training
11888,training
21347,training
11793,training
550,training
22198,training
18934,training
23597,training
21187,training
19999,training
6060,training
19610,training
11846,training
17650,training
10478,training
11176,training
1284,training
15607,training
8239,training
6703,training
7486,training
19846,training
20677,training
231,training
13791,training
12879,training
19784,training
20938,training
10107,training
13544,training
23382,training
16174,training
23672,training
261,training
6595,training
7010,training
19513,training
1460,training
7302,training
10956,training
12424,training
12725,training
6791,training
23501,training
10616,training
9369,training
358,training
18024,training
16258,training
24147,training
12990,training
7493,training
18395,training
4062,training
19271,training
12391,training
6785,training
3486,training
13508,training
17845,training
21527,training
5920,training
6814,training
20859,training
24055,training
13905,training
2778,training
18713,training
4787,training
324,training
23025,training
19831,training
12550,training
12479,training
14653,training
6321,training
22017,training
19195,training
15702,training
1772,training
14174,training
7134,training
14867,training
9206,training
9004,training
6733,training
8850,training
18658,training
11248,training
14593,training
24652,training
24030,training
2993,training
1326,training
3440,training
9052,training
10396,training
19268,training
16807,training
4652,training
10827,training
10480,training
11287,training
5272,training
6833,training
3879,training
16773,training
5872,training
1149,training
9476,training
7150,training
3421,training
17482,training
5647,training
825,training
8352,training
19649,training
4048,training
19523,training
24657,training
2549,training
12079,training
397,training
17156,training
8777,training
8395,training
12335,training
9562,training
23770,training
21732,training
2172,training
20109,training
15163,training
9183,training
18463,training
13222,training
5360,training
17684,training
13025,training
10909,training
24514,training
10193,training
24746,training
11715,training
16408,training
4670,training
15915,training
10995,training
11353,training
10070,training
21744,training
22120,training
2995,training
3253,training
24261,training
14054,training
14435,training
504,training
14031,training
11972,training
24277,training
23452,training
13735,training
5160,training
1025,training
11407,training
18043,training
7294,training
4823,training
19353,training
30,training
22431,training
22510,training
10873,training
18674,training
24635,training
8691,training
8554,training
1175,training
2189,training
8380,training
18016,training
4106,training
1765,training
2703,training
24594,training
6778,training
19133,training
19960,training
21999,training
19106,training
3208,training
852,training
12617,training
2310,training
16588,training
11918,training
10559,training
5401,training
17836,training
9778,training
19672,training
15274,training
12166,training
24194,training
13946,training
13487,training
10905,training
10712,training
21990,training
653,training
2646,training
21172,training
9726,training
20397,training
8200,training
21745,training
489,training
17358,training
9079,training
8484,training
11677,training
8696,training
24374,training
14048,training
20257,training
9841,training
11985,training
23485,training
1849,training
18369,training
696,training
11162,training
2097,training
5319,training
7791,training
24020,training
6088,training
2255,training
10427,training
8242,training
5705,training
15520,training
395,training
15745,training
21059,training
13342,training
8877,training
11960,training
16347,training
9319,training
4210,training
7087,training
24329,training
5685,training
15927,training
19943,training
9815,training
5374,training
10669,training
9641,training
11869,training
12781,training
20026,training
1055,training
12452,training
542,training
22259,training
6326,training
22366,training
9222,training
7981,training
8616,training
23783,training
18609,training
9858,training
9040,training
22197,training
20737,training
10270,training
15463,training
362,training
4084,training
4322,training
16012,training
14071,training
19587,training
9048,training
24539,training
21906,training
3649,training
20695,training
4430,training
10753,training
19913,training
56,training
15267,training
4407,training
10042,training
270,training
15220,training
22872,training
6662,training
15371,training
18185,training
24781,training
16778,training
15233,training
1798,training
9552,training
20099,training
11404,training
591,training
7535,training
23802,training
5306,training
15344,training
14155,training
19711,training
14051,training
11107,training
7248,training
1439,training
23180,training
10511,training
20692,training
8363,training
24692,training
7392,training
2476,training
17380,training
21523,training
22461,training
478,training
9503,training
23195,training
8553,training
14017,training
14159,training
20560,training
3699,training
4826,training
14891,training
14136,training
13016,training
11357,training
18641,training
100,training
7286,training
23619,training
15963,training
21246,training
12885,training
22074,training
627,training
4160,training
21659,training
1221,training
11419,training
21837,training
8240,training
2994,training
17157,training
5553,training
12090,training
16148,training
21043,training
16046,training
18113,training
5786,training
7074,training
17913,training
2325,training
17864,training
15172,training
9807,training
14595,training
20190,training
5633,training
12223,training
14615,training
11507,training
11004,training
353,training
1888,training
3098,training
12534,training
15369,training
11499,training
3052,training
5074,training
4264,training
9591,training
1917,training
4116,training
18961,training
20994,training
7859,training
21792,training
424,training
13800,training
13533,training
5445,training
1875,training
12526,training
11421,training
8894,training
19474,training
5303,training
7505,training
21471,training
18159,training
10097,training
16374,training
17811,training
20279,training
16782,training
20671,training
3085,training
22946,training
17726,training
18633,training
18237,training
12685,training
6867,training
19607,training
4591,training
19789,training
11709,training
6886,training
15334,training
19035,training
9903,training
8320,training
8646,training
15283,training
7137,training
13999,training
1915,training
11338,training
5821,training
772,training
9330,training
20461,training
14905,training
3362,training
4279,training
13596,training
5884,training
2273,training
11291,training
24432,training
11141,training
14147,training
23574,training
19497,training
3780,training
2496,training
17528,training
16567,training
1581,training
1541,training
12368,training
15682,training
12275,training
14908,training
1551,training
24483,training
12596,training
20625,training
12072,training
23718,training
1453,training
12557,training
15781,training
13976,training
2356,training
5591,training
9468,training
17938,training
15335,training
8978,training
19259,training
6,training
11929,training
18153,training
14990,training
23451,training
20740,training
6532,training
18626,training
19381,training
6239,training
5716,training
19738,training
8828,training
854,training
12277,training
1385,training
19048,training
11718,training
6270,training
14381,training
20436,training
22542,training
18444,training
493,training
8986,training
6417,training
20540,training
6274,training
4754,training
5167,training
22746,training
511,training
2861,training
21591,training
1996,training
15160,training
3607,training
16781,training
12119,training
21317,training
14041,training
23689,training
22166,training
12255,training
785,training
17329,training
18579,training
5467,training
12028,training
13323,training
9201,training
8201,training
14005,training
18660,training
17425,training
17679,training
18215,training
3573,training
15716,training
15750,training
23785,training
20731,training
2279,training
7404,training
17555,training
19237,training
16296,training
14188,training
13231,training
17942,training
9648,training
2953,training
5595,training
12059,training
16375,training
17005,training
18690,training
7312,training
12038,training
6393,training
1117,training
15976,training
7350,training
641,training
1868,training
23202,training
8461,training
11343,training
20238,training
17431,training
3793,training
21860,training
9023,training
21491,training
18646,training
17610,training
22018,training
21543,training
12578,training
11919,training
1173,training
392,training
23747,training
10255,training
12529,training
22289,training
20762,training
3144,training
21238,training
7057,training
23723,training
2346,training
24323,training
5535,training
2370,training
11265,training
1616,training
479,training
2874,training
21125,training
286,training
15461,training
23973,training
13941,training
9581,training
17100,training
23939,training
3172,training
8738,training
2653,training
10174,training
18339,training
11521,training
19129,training
6272,training
943,training
9796,training
15026,training
3655,training
9852,training
20310,training
10016,training
22730,training
22848,training
5822,training
23425,training
24182,training
19276,training
16066,training
23065,training
2040,training
2131,training
11289,training
491,training
19463,training
20870,training
761,training
12476,training
3116,training
20739,training
14250,training
13177,training
18770,training
6067,training
24008,training
3201,training
17483,training
10152,training
18103,training
6876,training
17467,training
3743,training
15307,training
19543,training
16201,training
502,training
5858,training
20195,training
10052,training
21100,training
24067,training
8717,training
20224,training
19256,training
17002,training
3492,training
1779,training
17236,training
22231,training
22245,training
1406,training
24486,training
1841,training
15873,training
20376,training
24133,training
7624,training
2658,training
4569,training
20141,training
20525,training
23263,training
4760,training
22980,training
5950,training
1043,training
5490,training
23510,training
872,training
6872,training
8939,training
24214,training
999,training
10705,training
14541,training
14832,training
23804,training
8903,training
20137,training
1174,training
12083,training
9084,training
710,training
14487,training
8406,training
7396,training
14427,training
22881,training
10332,training
16199,training
16216,training
3706,training
16550,training
21064,training
14050,training
10486,training
17843,training
14193,training
10397,training
23036,training
13083,training
3164,training
16528,training
1785,training
14890,training
21597,training
12965,training
17098,training
12298,training
5967,training
10640,training
21863,training
12954,training
12712,training
17631,training
7058,training
18703,training
24320,training
24281,training
6597,training
7888,training
552,training
9287,training
8528,training
18127,training
15273,training
15548,training
22841,training
8224,training
23850,training
21632,training
20475,training
10093,training
12210,training
23396,training
2843,training
6209,training
8236,training
1909,training
7671,training
23670,training
17129,training
2862,training
8414,training
5603,training
3551,training
22109,training
2603,training
2415,training
17075,training
6678,training
13343,training
10746,training
21232,training
24217,training
19082,training
20963,training
23999,training
13268,training
12876,training
20375,training
15165,training
6307,training
5852,training
23073,training
20571,training
1684,training
22405,training
16746,training
12675,training
21231,training
21864,training
24600,training
8999,training
15452,training
19198,training
4840,training
11388,training
11756,training
2278,training
10970,training
8853,training
48,training
23807,training
2878,training
23596,training
23327,training
15450,training
382,training
10672,training
20615,training
10610,training
12352,training
9044,training
16395,training
2224,training
10685,training
20178,training
6753,training
22258,training
8316,training
17997,training
21331,training
13259,training
5938,training
4542,training
13907,training
14212,training
9489,training
7111,training
13047,training
6763,training
22076,training
16313,training
18583,training
9338,training
19141,training
23851,training
6513,training
23808,training
19342,training
18440,training
14601,training
10204,training
18591,training
23632,training
16822,training
4635,training
21877,training
5892,training
12267,training
15464,training
18413,training
13891,training
7940,training
74,training
4230,training
123,training
10495,training
12622,training
3671,training
8033,training
7168,training
18289,training
13013,training
3304,training
24586,training
19760,training
455,training
6975,training
24095,training
14091,training
16520,training
20543,training
12646,training
2343,training
19097,training
6507,training
9965,training
12687,training
23620,training
12794,training
2120,training
18506,training
10048,training
18276,training
4701,training
11051,training
4958,training
5032,training
6105,training
4904,training
1767,training
8330,training
18924,training
5192,training
7296,training
17686,training
5785,training
11191,training
4343,training
13939,training
1890,training
955,training
13605,training
6644,training
11325,training
5269,training
20992,training
19396,training
16873,training
2371,training
19119,training
3752,training
9749,training
4302,training
12951,training
256,training
22537,training
16063,training
13310,training
13719,training
10090,training
12346,training
24474,training
4070,training
823,training
18069,training
15563,training
8809,training
6613,training
22390,training
6137,training
24730,training
6357,training
6398,training
14684,training
3557,training
11723,training
8248,training
14206,training
10556,training
4731,training
13248,training
4528,training
2432,training
11470,training
4087,training
18171,training
12817,training
8773,training
14942,training
18240,training
22767,training
21058,training
5333,training
24721,training
7761,training
3842,training
12404,training
21869,training
9432,training
16168,training
19678,training
24116,training
18037,training
17226,training
9420,training
17366,training
11765,training
10963,training
22628,training
18774,training
18348,training
12430,training
5191,training
5889,training
11401,training
20672,training
23454,training
6948,training
18281,training
1058,training
23679,training
17372,training
22055,training
20960,training
12209,training
8075,training
8135,training
5430,training
4348,training
24068,training
18279,training
22325,training
21694,training
6566,training
24386,training
8524,training
14858,training
12632,training
6996,training
13362,training
8222,training
18283,training
12583,training
22062,training
9093,training
5961,training
18245,training
120,training
20034,training
9737,training
5499,training
13464,training
11542,training
17509,training
24219,training
4069,training
12288,training
21194,training
17060,training
845,training
20047,training
21673,training
15623,training
7689,training
19329,training
10125,training
19432,training
17397,training
1330,training
22793,training
13354,training
2563,training
15255,training
15973,training
12215,training
5053,training
5063,training
19214,training
1884,training
20040,training
19094,training
15802,training
6506,training
1092,training
7718,training
22262,training
20804,training
19778,training
13470,training
9267,training
6001,training
9453,training
11721,training
13459,training
11133,training
15666,training
1603,training
16509,training
12824,training
19798,training
19696,training
10595,training
22825,training
21616,training
20654,training
21036,training
22025,training
17003,training
6779,training
16832,training
1337,training
17545,training
8943,training
23184,training
17225,training
16118,training
8988,training
21734,training
23231,training
1824,training
4432,training
12123,training
19487,training
7530,training
1620,training
22610,training
8557,training
17833,training
12992,training
22338,training
15327,training
7625,training
15655,training
1305,training
17000,training
15126,training
12012,training
2822,training
18183,training
3798,training
1184,training
24078,training
24575,training
12806,training
15808,training
20308,training
8245,training
9277,training
15081,training
6915,training
21362,training
21558,training
8366,training
3124,training
22377,training
5442,training
10924,training
5143,training
23052,training
17456,training
2167,training
2038,training
20170,training
4757,training
22904,training
6086,training
11171,training
12869,training
11973,training
11109,training
10889,training
2916,training
7162,training
16398,training
2974,training
9867,training
18181,training
986,training
17200,training
22612,training
18665,training
14075,training
16085,training
8560,training
14955,training
1728,training
5758,training
16171,training
23775,training
5491,training
6132,training
16349,training
15916,training
10224,training
15918,training
16874,training
14986,training
6820,training
14825,training
19120,training
87,training
14436,training
5480,training
23671,training
12932,training
15380,training
8973,training
13901,training
19829,training
23384,training
17282,training
18190,training
6774,training
13423,training
13298,training
21413,training
23639,training
23961,training
16568,training
21256,training
17784,training
1641,training
5112,training
2712,training
6746,training
21149,training
22210,training
16311,training
8784,training
20164,training
19270,training
19764,training
1607,training
11821,training
94,training
12475,training
22283,training
13622,training
13040,training
23405,training
2494,training
3891,training
10690,training
9233,training
11879,training
20114,training
8530,training
3831,training
20518,training
9892,training
3101,training
20978,training
4127,training
24268,training
22150,training
23827,training
23290,training
6736,training
20156,training
19613,training
18110,training
16379,training
15925,training
886,training
1363,training
1682,training
6291,training
19724,training
4059,training
15226,training
5114,training
20700,training
15657,training
21657,training
1365,training
5367,training
5496,training
18894,training
2815,training
11386,training
10315,training
19971,training
19557,training
5029,training
22345,training
14956,training
6630,training
16022,training
18988,training
23043,training
9390,training
14295,training
7232,training
23848,training
11428,training
881,training
18930,training
18799,training
23688,training
4215,training
18357,training
859,training
16974,training
11406,training
17090,training
12831,training
1386,training
13994,training
18251,training
19739,training
24117,training
2252,training
15626,training
3613,training
10029,training
13256,training
24303,training
7733,training
10516,training
24177,training
5403,training
22148,training
8689,training
7660,training
15737,training
19428,training
2679,training
10268,training
11028,training
17362,training
17752,training
16524,training
17906,training
10991,training
7164,training
19294,training
22448,training
2161,training
3534,training
20552,training
13521,training
13174,training
24149,training
4001,training
20008,training
17689,training
11823,training
7472,training
6100,training
18467,training
7672,training
5554,training
1930,training
19469,training
8792,training
14571,training
22368,training
1282,training
5825,training
18458,training
20293,training
7870,training
16656,training
18480,training
4338,training
17250,training
513,training
21789,training
16126,training
10801,training
2243,training
19144,training
22362,training
3187,training
20052,training
77,training
18793,training
9843,training
6592,training
18875,training
5116,training
9746,training
6561,training
18863,training
11539,training
22452,training
12204,training
2854,training
485,training
9361,training
4585,training
7846,training
17433,training
10959,training
21139,training
9504,training
12230,training
8575,training
13357,training
9371,training
13442,training
23323,training
11334,training
24361,training
274,training
1899,training
17835,training
18494,training
14914,training
23113,training
1762,training
981,training
4047,training
23648,training
11110,training
2059,training
5870,training
21716,training
16608,training
23717,training
18282,training
252,training
23035,training
7953,training
13353,training
21495,training
14552,training
10745,training
24458,training
9689,training
16485,training
19468,training
10692,training
13969,training
18648,training
6106,training
18726,training
8669,training
16893,training
9302,training
2635,training
375,training
18533,training
1257,training
2211,training
18524,training
7797,training
12420,training
17477,training
24767,training
23614,training
11867,training
5620,training
8618,training
16955,training
6619,training
15649,training
19757,training
9252,training
1336,training
12268,training
23287,training
5840,training
18571,training
19233,training
442,training
17519,training
5073,training
3778,training
10476,training
7402,training
11904,training
22723,training
12561,training
5363,training
6463,training
14645,training
23542,training
6877,training
2317,training
24401,training
7449,training
2938,training
13992,training
15057,training
21709,training
6163,training
19350,training
5827,training
8916,training
13857,training
21961,training
11234,training
3962,training
12178,training
3428,training
5015,training
11242,training
9868,training
3969,training
18238,training
20269,training
23446,training
5781,training
3024,training
8145,training
5261,training
18144,training
1848,training
18925,training
12010,training
10643,training
14801,training
1437,training
2642,training
17202,training
4431,training
19459,training
3955,training
13810,training
16906,training
18371,training
23508,training
6372,training
13551,training
19173,training
16578,training
20331,training
22009,training
1812,training
578,training
3575,training
24756,training
21352,training
12138,training
7068,training
23168,training
4612,training
5139,training
5016,training
12567,training
7978,training
22578,training
9280,training
2320,training
6576,training
1869,training
14622,training
12187,training
18563,training
989,training
2014,training
1568,training
11764,training
21442,training
8453,training
8030,training
18631,training
4491,training
23820,training
6152,training
24039,training
8716,training
1900,training
18040,training
13602,training
20203,training
9736,training
20815,training
17078,training
11254,training
9917,training
10087,training
23271,training
19514,training
6931,training
16354,training
15834,training
24714,training
5440,training
7228,training
1379,training
20741,training
19582,training
13255,training
7473,training
22765,training
18353,training
844,training
21104,training
9931,training
11089,training
8290,training
1107,training
13232,training
13819,training
4863,training
21040,training
17123,training
18544,training
2159,training
7579,training
8895,training
24642,training
18777,training
2203,training
10018,training
7151,training
11199,training
8254,training
21182,training
15584,training
1418,training
21649,training
13755,training
19449,training
14504,training
851,training
23138,training
21517,training
24024,training
13092,training
13820,training
2844,training
4246,training
11690,training
1095,training
8036,training
13152,training
6584,training
16829,training
481,training
21829,training
18151,training
2532,training
4439,training
509,training
1615,training
16073,training
17801,training
16159,training
20481,training
22508,training
948,training
2732,training
9741,training
1147,training
23740,training
11967,training
3407,training
12252,training
23240,training
13970,training
2347,training
14164,training
1644,training
12713,training
626,training
12482,training
2093,training
11065,training
24682,training
824,training
8734,training
10814,training
10680,training
19823,training
7050,training
798,training
15480,training
22740,training
3031,training
11890,training
20283,training
21023,training
18915,training
22069,training
22934,training
3413,training
152,training
22512,training
5322,training
6064,training
7004,training
9699,training
5677,training
22540,training
11023,training
7942,training
8076,training
6653,training
7832,training
24459,training
5025,training
830,training
797,training
17716,training
9457,training
7822,training
12023,training
3403,training
21994,training
3640,training
6505,training
3647,training
2265,training
843,training
13377,training
4524,training
1613,training
17289,training
608,training
11301,training
4097,training
9103,training
19609,training
8459,training
11519,training
10384,training
8534,training
24357,training
18404,training
24455,training
5955,training
16809,training
13515,training
20482,training
21827,training
9651,training
24437,training
22774,training
6798,training
12994,training
13213,training
5953,training
21342,training
18311,training
4934,training
7876,training
11075,training
21386,training
22375,training
18296,training
6852,training
21972,training
18836,training
6405,training
21652,training
9150,training
10166,training
20129,training
24370,training
676,training
11319,training
15646,training
21424,training
16655,training
9282,training
21468,training
21173,training
21762,training
24623,training
19483,training
22985,training
8652,training
18643,training
24469,training
11323,training
23374,training
3763,training
2831,training
6383,training
12139,training
604,training
13300,training
6015,training
10910,training
18953,training
20602,training
22342,training
21354,training
17799,training
11345,training
23582,training
12131,training
18328,training
5406,training
8995,training
14283,training
2714,training
16954,training
19752,training
13105,training
4358,training
15840,training
24397,training
19231,training
22313,training
15892,training
2577,training
2409,training
7428,training
7569,training
18516,training
7617,training
7142,training
21374,training
7160,training
15221,training
10385,training
11010,training
12434,training
21773,training
6664,training
3423,training
19820,training
1510,training
1136,training
2654,training
5754,training
1227,training
9281,training
2551,training
6390,training
18076,training
10459,training
20095,training
1361,training
22223,training
2704,training
8510,training
11183,training
24205,training
5722,training
8864,training
15308,training
7196,training
5806,training
66,training
16467,training
4161,training
8883,training
22447,training
11174,training
18913,training
4207,training
5651,training
16852,training
9375,training
10494,training
13253,training
4811,training
18537,training
22991,training
18696,training
4470,training
24425,training
14270,training
1104,training
7748,training
3849,training
20847,training
21181,training
2768,training
9926,training
17251,training
17549,training
24653,training
7080,training
2334,training
12302,training
5592,training
12695,training
13043,training
16991,training
23600,training
2521,training
7069,training
11753,training
14316,training
4519,training
4517,training
23123,training
9573,training
15167,training
23162,training
6539,training
15322,training
13864,training
5464,training
9608,training
9138,training
16713,training
138,training
3940,training
12729,training
8353,training
8879,training
14707,training
9305,training
23051,training
22635,training
24780,training
11685,training
16319,training
4925,training
5369,training
12854,training
1846,training
23857,training
12296,training
20962,training
12661,training
15492,training
15961,training
22114,training
9790,training
20851,training
6457,training
704,training
5893,training
11873,training
23085,training
22606,training
18101,training
13238,training
13244,training
14365,training
24367,training
4548,training
17986,training
1526,training
4467,validation
21081,validation
19962,validation
14782,validation
9898,validation
18499,validation
10005,validation
8608,validation
20027,validation
12641,validation
24299,validation
24015,validation
19500,validation
15235,validation
17651,validation
1294,validation
23422,validation
18514,validation
4559,validation
21276,validation
15348,validation
17902,validation
3436,validation
15731,validation
78,validation
7866,validation
17120,validation
9831,validation
18202,validation
13306,validation
4864,validation
2100,validation
23303,validation
19079,validation
21353,validation
24745,validation
10470,validation
13708,validation
24683,validation
23610,validation
17254,validation
7568,validation
3355,validation
20842,validation
6488,validation
1366,validation
8037,validation
13068,validation
11961,validation
20873,validation
3211,validation
23726,validation
10445,validation
2529,validation
14058,validation
11121,validation
12374,validation
18800,validation
18023,validation
7979,validation
5409,validation
15514,validation
12844,validation
24515,validation
20985,validation
12403,validation
17133,validation
9495,validation
360,validation
2051,validation
860,validation
16013,validation
22964,validation
22647,validation
24113,validation
1638,validation
17924,validation
5811,validation
11990,validation
6748,validation
14480,validation
253,validation
23403,validation
24233,validation
15079,validation
9710,validation
17464,validation
16106,validation
24585,validation
5259,validation
718,validation
13384,validation
10343,validation
1631,validation
15458,validation
6828,validation
17299,validation
8872,validation
14691,validation
11332,validation
21935,validation
6772,validation
5629,validation
4365,validation
2796,validation
17958,validation
21155,validation
15198,validation
20982,validation
5616,validation
4763,validation
16720,validation
21472,validation
5876,validation
22149,validation
15197,validation
23192,validation
7154,validation
16565,validation
11680,validation
22747,validation
23443,validation
22854,validation
12891,validation
8848,validation
2756,validation
23236,validation
725,validation
13757,validation
4144,validation
20468,validation
3044,validation
16001,validation
9610,validation
6429,validation
23517,validation
1904,validation
18198,validation
4629,validation
21470,validation
3711,validation
12735,validation
3539,validation
24381,validation
2248,validation
9221,validation
15580,validation
11335,validation
22045,validation
20585,validation
12253,validation
23141,validation
7497,validation
89,validation
23516,validation
22183,validation
1999,validation
1753,validation
1886,validation
23613,validation
24188,validation
23687,validation
23816,validation
13725,validation
11970,validation
5843,validation
8232,validation
5328,validation
24693,validation
4051,validation
10721,validation
19877,validation
24335,validation
11055,validation
6726,validation
7972,validation
19797,validation
1481,validation
22908,validation
24120,validation
3846,validation
24518,validation
23875,validation
8525,validation
13409,validation
6819,validation
19699,validation
3926,validation
24048,validation
11380,validation
1925,validation
14477,validation
16011,validation
10118,validation
23846,validation
3976,validation
8129,validation
21557,validation
3712,validation
4102,validation
13641,validation
11693,validation
23565,validation
5565,validation
1434,validation
8070,validation
23862,validation
16586,validation
540,validation
6540,validation
22376,validation
22548,validation
3029,validation
22386,validation
1166,validation
7114,validation
14745,validation
2624,validation
775,validation
3294,validation
11948,validation
1945,validation
22956,validation
21015,validation
8801,validation
12503,validation
19220,validation
21430,validation
9939,validation
10431,validation
11783,validation
3606,validation
15114,validation
18007,validation
2004,validation
18074,validation
14488,validation
15517,validation
8993,validation
3378,validation
17045,validation
10192,validation
15523,validation
4469,validation
745,validation
11021,validation
6380,validation
21500,validation
14761,validation
11296,validation
18525,validation
23329,validation
964,validation
15347,validation
21895,validation
11934,validation
410,validation
15218,validation
18305,validation
4676,validation
15393,validation
18807,validation
16462,validation
16959,validation
2123,validation
6178,validation
17618,validation
12134,validation
18728,validation
2849,validation
19181,validation
3086,validation
22745,validation
17234,validation
20882,validation
4908,validation
7721,validation
6240,validation
9070,validation
21844,validation
19904,validation
23183,validation
11164,validation
18779,validation
15850,validation
24358,validation
364,validation
17274,validation
21306,validation
22867,validation
21815,validation
1647,validation
11080,validation
13218,validation
20332,validation
10968,validation
18718,validation
7937,validation
15205,validation
11605,validation
467,validation
20516,validation
9055,validation
13869,validation
13240,validation
24570,validation
12761,validation
10040,validation
15188,validation
23908,validation
8899,validation
319,validation
1168,validation
484,validation
18200,validation
6118,validation
17057,validation
20947,validation
11114,validation
11442,validation
22307,validation
21667,validation
7401,validation
18870,validation
22206,validation
8891,validation
380,validation
23027,validation
20781,validation
849,validation
21292,validation
2876,validation
22994,validation
2345,validation
17028,validation
7725,validation
3169,validation
7289,validation
22992,validation
24624,validation
18741,validation
11491,validation
1612,validation
17973,validation
23765,validation
20306,validation
20970,validation
20025,validation
22024,validation
13066,validation
13111,validation
7373,validation
3559,validation
12691,validation
4171,validation
17392,validation
189,validation
24393,validation
5479,validation
12852,validation
8469,validation
1741,validation
24400,validation
21338,validation
21415,validation
14911,validation
4775,validation
22624,validation
24519,validation
1191,validation
1293,validation
1123,validation
17694,validation
2489,validation
18821,validation
145,validation
1023,validation
6816,validation
21013,validation
16767,validation
21107,validation
18209,validation
8900,validation
24663,validation
3324,validation
16646,validation
21288,validation
3784,validation
20577,validation
12888,validation
21533,validation
18358,validation
5846,validation
15002,validation
14714,validation
15140,validation
16430,validation
6406,validation
4397,validation
20797,validation
11169,validation
5092,validation
1540,validation
5899,validation
3449,validation
5621,validation
2164,validation
12205,validation
15819,validation
18204,validation
19088,validation
8522,validation
18938,validation
16618,validation
11669,validation
12967,validation
5055,validation
13169,validation
6560,validation
8709,validation
9346,validation
20612,validation
13783,validation
10328,validation
10994,validation
7926,validation
15417,validation
3207,validation
5184,validation
82,validation
15762,validation
4131,validation
2700,validation
4968,validation
17910,validation
22662,validation
9854,validation
7871,validation
9514,validation
14734,validation
6057,validation
24578,validation
24043,validation
18207,validation
22181,validation
12837,validation
16150,validation
11696,validation
18596,validation
5854,validation
3048,validation
19627,validation
12007,validation
21729,validation
4644,validation
18562,validation
18751,validation
18532,validation
18749,validation
1701,validation
8622,validation
1013,validation
12181,validation
24708,validation
14992,validation
5,validation
14409,validation
19552,validation
285,validation
2929,validation
8143,validation
13087,validation
17728,validation
355,validation
8317,validation
6344,validation
19093,validation
4374,validation
11937,validation
3353,validation
24446,validation
12492,validation
17762,validation
18513,validation
6916,validation
15112,validation
10272,validation
21275,validation
15050,validation
23894,validation
8054,validation
19509,validation
2368,validation
1929,validation
7110,validation
13004,validation
5689,validation
9478,validation
21622,validation
9755,validation
4104,validation
19812,validation
20292,validation
16788,validation
19138,validation
11294,validation
13924,validation
4765,validation
24366,validation
17875,validation
7212,validation
19670,validation
3257,validation
17859,validation
3676,validation
4282,validation
18375,validation
12050,validation
22336,validation
179,validation
21781,validation
13579,validation
18220,validation
1770,validation
22919,validation
5790,validation
2564,validation
8126,validation
24209,validation
6956,validation
17594,validation
9631,validation
10754,validation
24249,validation
13143,validation
20807,validation
5300,validation
13980,validation
878,validation
14637,validation
18555,validation
18107,validation
16071,validation
18336,validation
1279,validation
1715,validation
11034,validation
22059,validation
3027,validation
4185,validation
21599,validation
12947,validation
22779,validation
5635,validation
6656,validation
8082,validation
5964,validation
13723,validation
10129,validation
6250,validation
13692,validation
2427,validation
23667,validation
18256,validation
10664,validation
4952,validation
21018,validation
22395,validation
17627,validation
21237,validation
10586,validation
3674,validation
6719,validation
1164,validation
7205,validation
16519,validation
14949,validation
11054,validation
24163,validation
23781,validation
6553,validation
21822,validation
24238,validation
14465,validation
20843,validation
4448,validation
3641,validation
14899,validation
1592,validation
9501,validation
76,validation
21198,validation
22570,validation
13624,validation
21814,validation
24353,validation
11151,validation
17322,validation
17860,validation
24479,validation
5446,validation
24191,validation
8107,validation
23009,validation
4238,validation
17158,validation
18812,validation
14692,validation
635,validation
13286,validation
2,validation
6941,validation
11899,validation
5302,validation
12864,validation
18263,validation
22697,validation
2971,validation
17209,validation
23602,validation
21715,validation
8268,validation
12759,validation
20143,validation
13417,validation
3510,validation
14292,validation
15472,validation
13673,validation
12337,validation
18826,validation
9596,validation
1721,validation
7844,validation
20889,validation
5963,validation
5157,validation
13374,validation
18010,validation
20519,validation
974,validation
5523,validation
16691,validation
19072,validation
24424,validation
14176,validation
154,validation
11743,validation
16671,validation
21446,validation
17363,validation
18927,validation
11720,validation
20290,validation
8415,validation
19176,validation
10410,validation
20535,validation
331,validation
22005,validation
4402,validation
6836,validation
17812,validation
21406,validation
16789,validation
11204,validation
15956,validation
12217,validation
18243,validation
23038,validation
12245,validation
3139,validation
16621,validation
10931,validation
10391,validation
4132,validation
19439,validation
7782,validation
11422,validation
24310,validation
9927,validation
21436,validation
16091,validation
1486,validation
2042,validation
662,validation
17162,validation
7583,validation
17122,validation
14426,validation
9039,validation
23242,validation
9891,validation
4696,validation
13022,validation
5397,validation
15354,validation
15391,validation
5383,validation
20757,validation
9715,validation
7024,validation
15529,validation
14143,validation
15127,validation
6965,validation
4858,validation
2479,validation
24599,validation
19064,validation
24511,validation
9198,validation
16916,validation
18508,validation
158,validation
11893,validation
5642,validation
13309,validation
15428,validation
13096,validation
3448,validation
14349,validation
12400,validation
865,validation
7549,validation
18918,validation
5784,validation
19188,validation
2805,validation
19714,validation
9300,validation
13204,validation
385,validation
16695,validation
23579,validation
22656,validation
6151,validation
16639,validation
20131,validation
20935,validation
9483,validation
2632,validation
22346,validation
12165,validation
22352,validation
8764,validation
23703,validation
4633,validation
13643,validation
14059,validation
13183,validation
2045,validation
16512,validation
3197,validation
16797,validation
14638,validation
18464,validation
10737,validation
24035,validation
6880,validation
840,validation
20262,validation
8172,validation
20294,validation
13734,validation
20381,validation
23771,validation
16770,validation
5405,validation
14013,validation
5271,validation
22597,validation
15386,validation
18965,validation
24379,validation
21915,validation
10081,validation
21247,validation
6500,validation
16353,validation
23471,validation
5267,validation
19053,validation
24080,validation
8331,validation
23150,validation
17621,validation
4483,validation
20307,validation
12317,validation
12821,validation
1709,validation
20177,validation
16160,validation
12287,validation
1335,validation
19488,validation
22414,validation
1952,validation
23243,validation
21934,validation
23864,validation
10504,validation
23669,validation
4330,validation
17105,validation
14508,validation
12750,validation
8360,validation
4335,validation
7774,validation
4445,validation
11156,validation
21433,validation
13441,validation
5129,validation
2283,validation
6336,validation
21255,validation
21417,validation
23941,validation
14264,validation
22843,validation
10424,validation
5912,validation
20155,validation
2105,validation
20689,validation
13839,validation
1102,validation
16177,validation
20231,validation
10183,validation
15803,validation
21697,validation
13634,validation
19782,validation
18744,validation
9988,validation
8311,validation
10077,validation
13611,validation
16388,validation
7267,validation
21325,validation
17134,validation
7256,validation
10860,validation
3215,validation
3931,validation
16038,validation
5124,validation
12099,validation
1267,validation
22035,validation
9226,validation
6228,validation
24052,validation
16573,validation
698,validation
24614,validation
7604,validation
16731,validation
15609,validation
12571,validation
8289,validation
13062,validation
18316,validation
13665,validation
22975,validation
1231,validation
19146,validation
21123,validation
17869,validation
17014,validation
5246,validation
14634,validation
19528,validation
12371,validation
20162,validation
5601,validation
12889,validation
15300,validation
10514,validation
8261,validation
6266,validation
7917,validation
5211,validation
6842,validation
16335,validation
13334,validation
15571,validation
16903,validation
20324,validation
16224,validation
9241,validation
7102,validation
22127,validation
15470,validation
533,validation
18351,validation
10004,validation
10437,validation
18919,validation
1317,validation
8493,validation
22940,validation
11526,validation
24352,validation
15017,validation
17718,validation
14148,validation
18824,validation
19055,validation
8468,validation
2048,validation
22216,validation
18033,validation
15924,validation
19745,validation
15443,validation
5463,validation
9450,validation
6091,validation
15055,validation
8987,validation
20521,validation
12610,validation
17077,validation
7826,validation
4803,validation
23654,validation
21574,validation
21870,validation
9826,validation
5330,validation
12655,validation
6565,validation
2280,validation
22450,validation
7447,validation
11920,validation
7255,validation
520,validation
10363,validation
13011,validation
9015,validation
13827,validation
1079,validation
5423,validation
10047,validation
20867,validation
19927,validation
13650,validation
13808,validation
15740,validation
17394,validation
16630,validation
14169,validation
19328,validation
20495,validation
8419,validation
7488,validation
11862,validation
10784,validation
12286,validation
11043,validation
19774,validation
24735,validation
17503,validation
17309,validation
3143,validation
12324,validation
19388,validation
22889,validation
11850,validation
14667,validation
24004,validation
20398,validation
2354,validation
1159,validation
4805,validation
11378,validation
22690,validation
18376,validation
23883,validation
1059,validation
21550,validation
4815,validation
11317,validation
14279,validation
5566,validation
1520,validation
20373,validation
15761,validation
6729,validation
21456,validation
6040,validation
24504,validation
3724,validation
17291,validation
13099,validation
11637,validation
5454,validation
3485,validation
4180,validation
14272,validation
6621,validation
22302,validation
7784,validation
11868,validation
4360,validation
11763,validation
10196,validation
2079,validation
21811,validation
12946,validation
15906,validation
16754,validation
10715,validation
16988,validation
7932,validation
7901,validation
2383,validation
24190,validation
24670,validation
1585,validation
10543,validation
21000,validation
361,validation
10529,validation
13237,validation
8890,validation
14053,validation
14087,validation
13995,validation
11686,validation
14078,validation
3938,validation
13429,validation
10390,validation
2201,validation
13012,validation
12956,validation
10149,validation
12723,validation
16901,validation
24309,validation
10575,validation
22711,validation
10520,validation
1912,validation
2973,validation
11791,validation
8961,validation
11072,validation
16024,validation
8483,validation
6707,validation
5151,validation
3829,validation
21735,validation
18731,validation
15681,validation
4766,validation
18560,validation
13391,validation
20465,validation
607,validation
1158,validation
22666,validation
6966,validation
14648,validation
17530,validation
3426,validation
8797,validation
23232,validation
5254,validation
227,validation
6575,validation
12913,validation
9058,validation
8725,validation
5414,validation
11227,validation
23737,validation
2296,validation
15296,validation
7007,validation
9436,validation
21918,validation
10061,validation
9505,validation
16594,validation
10843,validation
5202,validation
22400,validation
22073,validation
13139,validation
2222,validation
22384,validation
18727,validation
3966,validation
12668,validation
7127,validation
4125,validation
13124,validation
15396,validation
14416,validation
10364,validation
23822,validation
9971,validation
3658,validation
4257,validation
12480,validation
4098,validation
5488,validation
23244,validation
22944,validation
16883,validation
3045,validation
24560,validation
23225,validation
5684,validation
9788,validation
6026,validation
1178,validation
4228,validation
18073,validation
22101,validation
1720,validation
13540,validation
7036,validation
8653,validation
11322,validation
6628,validation
14526,validation
7470,validation
19887,validation
11437,validation
8756,validation
18021,validation
18699,validation
20719,validation
19693,validation
11518,validation
4563,validation
16187,validation
4417,validation
5061,validation
18556,validation
15404,validation
3721,validation
5156,validation
21336,validation
233,validation
15042,validation
24513,validation
8008,validation
8355,validation
11590,validation
1504,validation
13501,validation
17659,validation
24250,validation
599,validation
18430,validation
16147,validation
3999,validation
16350,validation
4387,validation
16662,validation
21679,validation
2771,validation
14132,validation
21490,validation
11689,validation
14066,validation
11472,validation
19016,validation
8778,validation
20006,validation
20082,validation
17114,validation
10773,validation
13162,validation
19736,validation
2759,validation
23795,validation
24430,validation
10999,validation
8517,validation
20395,validation
12667,validation
24466,validation
24517,validation
1519,validation
22442,validation
10648,validation
2305,validation
15944,validation
23164,validation
20759,validation
10338,validation
2852,validation
11860,validation
16006,validation
8429,validation
3309,validation
6853,validation
16062,validation
6377,validation
14457,validation
24451,validation
3290,validation
6237,validation
20914,validation
8833,validation
13966,validation
5768,validation
20912,validation
22003,validation
17939,validation
20244,validation
13247,validation
21010,validation
4149,validation
16774,validation
12699,validation
19301,validation
3292,validation
17012,validation
2513,validation
18136,validation
22951,validation
916,validation
21414,validation
5339,validation
19126,validation
15763,validation
10628,validation
16217,validation
6367,validation
4902,validation
21786,validation
20676,validation
23975,validation
7984,validation
1150,validation
968,validation
16843,validation
20993,validation
12486,validation
13285,validation
13853,validation
7202,validation
3005,validation
10079,validation
2731,validation
23922,validation
185,validation
23936,validation
24751,validation
23757,validation
10872,validation
4072,validation
14859,validation
23914,validation
11324,validation
18233,validation
16546,validation
2128,validation
9811,validation
17597,validation
6245,validation
4108,validation
20836,validation
22278,validation
2101,validation
3053,validation
20971,validation
16975,validation
3630,validation
21854,validation
13110,validation
1777,validation
9647,validation
16614,validation
8798,validation
12378,validation
7582,validation
9996,validation
22219,validation
15971,validation
168,validation
2676,validation
20216,validation
7632,validation
14674,validation
9037,validation
14756,validation
21145,validation
20824,validation
15528,validation
5559,validation
19899,validation
5136,validation
15028,validation
18420,validation
7417,validation
13466,validation
4714,validation
9118,validation
8031,validation
10009,validation
1780,validation
13587,validation
4267,validation
15301,validation
19553,validation
9777,validation
9964,validation
7659,validation
5005,validation
15707,validation
1458,validation
6295,validation
23300,validation
5714,validation
14619,validation
954,validation
6680,validation
6093,validation
23176,validation
23625,validation
326,validation
21390,validation
23346,validation
9696,validation
20453,validation
16738,validation
22424,validation
16872,validation
14219,validation
21039,validation
8628,validation
21455,validation
4963,validation
13326,validation
6830,validation
14347,validation
21322,validation
3280,validation
13584,validation
12319,validation
21776,validation
21903,validation
17169,validation
4694,validation
12611,validation
22355,validation
8162,validation
22884,validation
5038,validation
790,validation
9934,validation
20010,validation
14417,validation
11013,validation
5769,validation
14641,validation
15886,validation
833,validation
18752,validation
16329,validation
952,validation
20438,validation
8535,validation
16428,validation
14572,validation
15958,validation
18442,validation
21102,validation
3735,validation
2039,validation
20626,validation
16444,validation
12045,validation
16593,validation
2404,validation
13918,validation
9117,validation
8739,validation
18428,validation
16264,validation
4753,validation
17267,validation
22511,validation
22565,validation
803,validation
21824,validation
10867,validation
11687,validation
17821,validation
23913,validation
22141,validation
10701,validation
10264,validation
17216,validation
24674,validation
17609,validation
6185,validation
1359,validation
11090,validation
10723,validation
7448,validation
282,validation
13021,validation
447,validation
452,validation
634,validation
20548,validation
11710,validation
17043,validation
9593,validation
14438,validation
22912,validation
17764,validation
11120,validation
15754,validation
8375,validation
6325,validation
21834,validation
19576,validation
17311,validation
9322,validation
12704,validation
19720,validation
21568,validation
9285,validation
4890,validation
14747,validation
20863,validation
16841,validation
21561,validation
19444,validation
11085,validation
3944,validation
14987,validation
20380,validation
11847,validation
18443,validation
18804,validation
5859,validation
17962,validation
5772,validation
2705,validation
2456,validation
23690,validation
11617,validation
13003,validation
14746,validation
5655,validation
2322,validation
4437,validation
7749,validation
9669,validation
11348,validation
5717,validation
23464,validation
4224,validation
21114,validation
1829,validation
16904,validation
12689,validation
15027,validation
8193,validation
3553,validation
22726,validation
2191,validation
17543,validation
22410,validation
19277,validation
11986,validation
15715,validation
4967,validation
22224,validation
2065,validation
9969,validation
21947,validation
15427,validation
12295,validation
21492,validation
19130,validation
14124,validation
7668,validation
18861,validation
4607,validation
24377,validation
17320,validation
2331,validation
2136,validation
8912,validation
10965,validation
22968,validation
16478,validation
22826,validation
18453,validation
1764,validation
2078,validation
408,validation
19150,validation
19074,validation
12714,validation
7413,validation
19272,validation
4527,validation
11810,validation
19867,validation
756,validation
18068,validation
8851,validation
15859,validation
21250,validation
2784,validation
6743,validation
18750,validation
8507,validation
23552,validation
8440,validation
2926,validation
21805,validation
13180,validation
13414,validation
15146,validation
19884,validation
3210,validation
746,validation
15414,validation
14355,validation
16268,validation
7637,validation
6801,validation
15007,validation
180,validation
6437,validation
18327,validation
9026,validation
20167,validation
9461,validation
11007,validation
22356,validation
18307,validation
21049,validation
2421,validation
17891,validation
11273,validation
9690,validation
5169,validation
24056,validation
19964,validation
15791,validation
7599,validation
7537,validation
14350,validation
12894,validation
14033,validation
22554,validation
7494,validation
7736,validation
16052,validation
14582,validation
23286,validation
3121,validation
18345,validation
20410,validation
7630,validation
24775,validation
20903,validation
5958,validation
22129,validation
20296,validation
16029,validation
7227,validation
2628,validation
20426,validation
22034,validation
9392,validation
23208,validation
18291,validation
357,validation
8556,validation
15115,validation
16251,validation
16035,validation
7792,validation
11376,validation
5264,validation
17591,validation
706,validation
23940,validation
19258,validation
11830,validation
278,validation
10256,validation
16469,validation
2028,validation
19213,validation
5294,validation
20875,validation
3716,validation
22530,validation
23270,validation
22291,validation
9250,validation
5712,validation
20237,validation
9828,validation
18287,validation
2675,validation
10720,validation
2539,validation
1483,validation
12686,validation
3482,validation
14525,validation
14410,validation
16600,validation
6179,validation
16101,validation
2055,validation
609,validation
2983,validation
9402,validation
15572,validation
17151,validation
2332,validation
2085,validation
8177,validation
2022,validation
14738,validation
15920,validation
24534,validation
12013,validation
11016,validation
2773,validation
562,validation
10032,validation
21912,validation
15182,validation
7851,validation
14196,validation
18614,validation
22979,validation
15043,validation
8058,validation
289,validation
2389,validation
17680,validation
18392,validation
7113,validation
24240,validation
18639,validation
12347,validation
18523,validation
22260,validation
19224,validation
6923,validation
13730,validation
5951,validation
15701,validation
11489,validation
2735,validation
22924,validation
4068,validation
7912,validation
7015,validation
4326,validation
19682,validation
5824,validation
12055,validation
6897,validation
20107,validation
8106,validation
9225,validation
1744,validation
18356,validation
10267,validation
2094,validation
8189,validation
18569,validation
5932,validation
5970,validation
17585,validation
8335,validation
13661,validation
21283,validation
4416,validation
23385,validation
18600,validation
5466,validation
10065,validation
15298,validation
15281,validation
10056,validation
20753,validation
9652,validation
3030,validation
24319,validation
5959,validation
14055,validation
18298,validation
14581,validation
23682,validation
20229,validation
12707,validation
19187,validation
12005,validation
20174,validation
1289,validation
23146,validation
586,validation
19598,validation
4447,validation
18216,validation
17019,validation
11276,validation
14442,validation
8772,validation
2443,validation
4081,validation
24259,validation
9191,validation
23992,validation
18882,validation
16936,validation
10791,validation
13529,validation
15203,validation
10572,validation
24552,validation
13356,validation
11875,validation
16985,validation
21840,validation
15208,validation
13833,validation
4141,validation
13266,validation
8882,validation
24362,validation
13467,validation
11493,validation
6422,validation
22556,validation
7589,validation
5130,validation
16394,validation
20500,validation
14544,validation
9657,validation
11179,validation
8688,validation
23128,validation
24189,validation
18114,validation
8997,validation
14029,validation
18397,validation
11939,validation
14404,validation
18810,validation
9036,validation
21031,validation
19520,validation
8659,validation
19177,validation
13792,validation
11474,validation
15824,validation
21368,validation
23093,validation
7682,validation
17292,validation
8096,validation
13125,validation
13929,validation
24574,validation
9536,validation
11884,validation
22754,validation
5275,validation
15052,validation
22689,validation
6969,validation
20435,validation
8561,validation
20333,validation
14665,validation
8744,validation
12179,validation
4950,validation
5567,validation
1169,validation
21588,validation
18370,validation
9145,validation
3411,validation
10832,validation
18031,validation
2021,validation
18676,validation
21590,validation
19733,validation
18757,validation
24185,validation
229,validation
20763,validation
3146,validation
20839,validation
7867,validation
7835,validation
9378,validation
17469,validation
19205,validation
15550,validation
11071,validation
1248,validation
8791,validation
20357,validation
7382,validation
20809,validation
15975,validation
11052,validation
23221,validation
4217,validation
19263,validation
7941,validation
2505,validation
20576,validation
998,validation
15290,validation
16796,validation
7575,validation
20849,validation
19967,validation
20264,validation
16869,validation
22712,validation
162,validation
156,validation
18019,validation
22770,validation
6265,validation
20343,validation
2071,validation
16741,validation
12307,validation
6375,validation
1771,validation
10512,validation
17268,validation
17244,validation
11414,validation
13996,validation
4479,validation
12966,validation
17269,validation
1299,validation
15232,validation
15113,validation
5658,validation
3604,validation
15992,validation
22669,validation
16348,validation
2514,validation
14228,validation
571,validation
16737,validation
17921,validation
5153,validation
12791,validation
15321,validation
573,validation
23665,validation
18095,validation
15330,validation
13184,validation
20697,validation
3377,validation
23934,validation
17260,validation
24136,validation
14098,validation
13612,validation
11700,validation
21742,validation
9173,validation
661,validation
15684,validation
22380,validation
15133,validation
4461,validation
20885,validation
19364,validation
1476,validation
13817,validation
1717,validation
3678,validation
1642,validation
266,validation
16719,validation
20999,validation
8907,validation
21093,validation
24142,validation
24235,validation
21170,validation
14808,validation
8817,validation
13476,validation
10253,validation
9731,validation
12606,validation
14969,validation
1048,validation
2638,validation
498,validation
1180,validation
8285,validation
6389,validation
639,validation
20995,validation
13854,validation
4075,validation
11395,validation
13794,validation
12818,validation
22265,validation
5692,validation
12970,validation
9376,validation
11027,validation
12709,validation
1187,validation
17300,validation
8602,validation
2578,validation
22391,validation
1245,validation
10127,validation
23106,validation
2401,validation
2445,validation
12855,validation
1793,validation
9216,validation
3095,validation
20183,validation
16044,validation
21943,validation
22290,validation
18756,validation
9472,validation
6932,validation
9695,validation
7751,validation
4688,validation
23584,validation
22981,validation
24696,validation
2414,validation
11517,validation
22207,validation
5042,validation
6135,validation
16191,validation
414,validation
9411,validation
12032,validation
10199,validation
3805,validation
5987,validation
9544,validation
21191,validation
8273,validation
21146,validation
16446,validation
22040,validation
9383,validation
1199,validation
376,validation
9887,validation
10989,validation
19036,validation
7107,validation
10294,validation
15615,validation
5664,validation
17353,validation
15137,validation
13940,validation
14574,validation
228,validation
10309,validation
12566,validation
7199,validation
14297,validation
7273,validation
731,validation
1549,validation
22263,validation
3438,validation
11030,validation
21454,validation
9437,validation
21927,validation
19740,validation
16570,validation
18432,validation
1941,validation
465,validation
17916,validation
6223,validation
8767,validation
3272,validation
14063,validation
5434,validation
9398,validation
2958,validation
10360,validation
9057,validation
20821,validation
19239,validation
15483,validation
22135,validation
23749,validation
21669,validation
12650,validation
12412,validation
7082,validation
21494,validation
271,validation
17990,validation
15100,validation
1028,validation
19392,validation
17744,validation
18515,validation
20868,validation
9672,validation
16097,validation
23812,validation
16070,validation
22277,validation
23411,validation
19546,validation
15929,validation
12076,validation
12944,validation
350,validation
2749,validation
21922,validation
7570,validation
21469,validation
18839,validation
8529,validation
24201,validation
19484,validation
7854,validation
12049,validation
4443,validation
9401,validation
20142,validation
19879,validation
12758,validation
14118,validation
3883,validation
3538,validation
14709,validation
18695,validation
3629,validation
12623,validation
18981,validation
22463,validation
17037,validation
21638,validation
2292,validation
3340,validation
5800,validation
9791,validation
21682,validation
5449,validation
23087,validation
2259,validation
23336,validation
18896,validation
8803,validation
3131,validation
13411,validation
18084,validation
21396,validation
17879,validation
22871,validation
8398,validation
7778,validation
7802,validation
18803,validation
18886,validation
12020,validation
17016,validation
9951,validation
24186,validation
2690,validation
20323,validation
14975,validation
11907,validation
11854,validation
8326,validation
11031,validation
5612,validation
7453,validation
13516,validation
8742,validation
24102,validation
8769,validation
8110,validation
23034,validation
19368,validation
14223,validation
20015,validation
8379,validation
22996,validation
8546,validation
9321,validation
8057,validation
17925,validation
24556,validation
4454,validation
23554,validation
5749,validation
21830,validation
17175,validation
14288,validation
404,validation
18475,validation
10875,validation
23228,validation
8875,validation
14650,validation
17523,validation
13668,validation
13283,validation
16130,validation
18608,validation
10425,validation
3771,validation
3857,validation
19948,validation
4202,validation
13532,validation
13319,validation
12906,validation
22830,validation
23092,validation
20017,validation
20955,validation
2041,validation
3468,validation
3212,validation
11145,validation
3727,validation
8766,validation
8474,validation
3174,validation
6832,validation
359,validation
7820,validation
203,validation
4266,validation
9959,validation
13176,validation
12908,validation
23828,validation
5126,validation
17645,validation
18277,validation
16723,validation
3708,validation
11423,validation
4049,validation
6310,validation
6051,validation
21515,validation
22163,validation
4190,validation
13779,validation
4197,validation
668,validation
1872,validation
22598,validation
14312,validation
4307,validation
19073,validation
9535,validation
3646,validation
17966,validation
8217,validation
16714,validation
7664,validation
15305,validation
6110,validation
99,validation
17739,validation
9565,validation
115,validation
7823,validation
2724,validation
16742,validation
18766,validation
3590,validation
23257,validation
13432,validation
24524,validation
22611,validation
8170,validation
19142,validation
24671,validation
1349,validation
2462,validation
7403,validation
21497,validation
21764,validation
7920,validation
17628,validation
10649,validation
13091,validation
16094,validation
11754,validation
2827,validation
9455,validation
23998,validation
11225,validation
2281,validation
2399,validation
8198,validation
15257,validation
17298,validation
7283,validation
22098,validation
12106,validation
8210,validation
17658,validation
11805,validation
1266,validation
10358,validation
17755,validation
16250,validation
7031,validation
11079,validation
9835,validation
12514,validation
15103,validation
18791,validation
5777,validation
16790,validation
12043,validation
8834,validation
13968,validation
24744,validation
5774,validation
14481,validation
22453,validation
9794,validation
14821,validation
8175,validation
5178,validation
3863,validation
11259,validation
20644,validation
9532,validation
6318,validation
15490,validation
7347,validation
18389,validation
5230,validation
17491,validation
23318,validation
20720,validation
1719,validation
4572,validation
4064,validation
6604,validation
518,validation
2619,validation
12874,validation
15525,validation
24776,validation
6623,validation
24248,validation
2263,validation
24453,validation
24085,validation
20711,validation
19125,validation
23026,validation
20617,validation
19367,validation
6294,validation
3015,validation
9896,validation
13280,validation
17514,validation
55,validation
2033,validation
12427,validation
2573,validation
17321,validation
1857,validation
15372,validation
12615,validation
2648,validation
3516,validation
19330,validation
15778,validation
15640,validation
2793,validation
14213,validation
9687,validation
9893,validation
5396,validation
10525,validation
10815,validation
10373,validation
7633,validation
8022,validation
17117,validation
8325,validation
3252,validation
3764,validation
5101,validation
14238,validation
19701,validation
1236,validation
18888,validation
17182,validation
15960,validation
1270,validation
7254,validation
9763,validation
13872,validation
3541,validation
11240,validation
5979,validation
10635,validation
11478,validation
11103,validation
12063,validation
11629,validation
1574,validation
14262,validation
10901,validation
2851,validation
24664,validation
22857,validation
5802,validation
9067,validation
4090,validation
1831,validation
17536,validation
15024,validation
5034,validation
1260,validation
12351,validation
7374,validation
5355,validation
10339,validation
9860,validation
3475,validation
7541,validation
22382,validation
23267,validation
12540,validation
3959,validation
6679,validation
19162,validation
14695,validation
22969,validation
17534,validation
6704,validation
3796,validation
13876,validation
20377,validation
11992,validation
7304,validation
6273,validation
13608,validation
16990,validation
6355,validation
23307,validation
15598,validation
20474,validation
16941,validation
7459,validation
8846,validation
23928,validation
5217,validation
23250,validation
1172,validation
1529,validation
18488,validation
17144,validation
16627,validation
21204,validation
12895,validation
5830,validation
4101,validation
11993,validation
4545,validation
11310,validation
19431,validation
8574,validation
12148,validation
14694,validation
19684,validation
12542,validation
2175,validation
7649,validation
22168,validation
14740,validation
2393,validation
12439,validation
22049,validation
8306,validation
13380,validation
17677,validation
18605,validation
20451,validation
5602,validation
10507,validation
15732,validation
19489,validation
24610,validation
7200,validation
5864,validation
11625,validation
24291,validation
20967,validation
22650,validation
1389,validation
2439,validation
12101,validation
10103,validation
15634,validation
2030,validation
13073,validation
19249,validation
610,validation
5848,validation
18398,validation
12432,validation
6911,validation
16047,validation
23559,validation
19345,validation
14088,validation
9227,validation
10553,validation
11991,validation
2374,validation
11535,validation
13451,validation
19574,validation
23322,validation
12417,validation
12568,validation
12849,validation
11153,validation
21685,validation
13603,validation
4571,validation
17409,validation
8071,validation
21410,validation
14111,validation
24079,validation
11140,validation
19668,validation
9553,validation
10958,validation
5115,validation
5753,validation
12343,validation
8137,validation
19731,validation
15760,validation
22739,validation
14934,validation
13556,validation
14299,validation
8437,validation
5370,validation
5861,validation
6482,validation
18493,validation
7359,validation
4603,validation
22931,validation
14065,validation
18637,validation
17568,validation
19417,validation
24034,validation
1429,validation
673,validation
9568,validation
705,validation
12955,validation
21680,validation
17079,validation
12269,validation
589,validation
17231,validation
9496,validation
6056,validation
19800,validation
633,validation
10935,validation
20736,validation
14045,validation
23978,validation
23546,validation
10833,validation
21201,validation
14423,validation
12523,validation
13171,validation
19250,validation
7334,validation
16277,validation
21154,validation
2434,validation
14792,validation
10036,validation
22521,validation
17936,validation
13294,validation
8564,validation
21416,validation
19302,validation
1528,validation
5287,validation
2930,validation
22594,validation
12986,validation
3585,validation
563,validation
5930,validation
6961,validation
16697,validation
23796,validation
14069,validation
4987,validation
22870,validation
17096,validation
21985,validation
12882,validation
15543,validation
5674,validation
7046,validation
19534,validation
14523,validation
7109,validation
7688,validation
19842,validation
20848,validation
8259,validation
7477,validation
7131,validation
20449,validation
11093,validation
14318,validation
124,validation
1145,validation
1823,validation
16912,validation
12843,validation
16231,validation
9462,validation
1766,validation
24417,validation
548,validation
18326,validation
14758,validation
12354,validation
218,validation
920,validation
19885,validation
15717,validation
13575,validation
8514,validation
9989,validation
6988,validation
4953,validation
11223,validation
19158,validation
6737,validation
6749,validation
14305,validation
6397,validation
907,validation
23589,validation
2452,validation
1296,validation
19791,validation
21222,validation
15215,validation
21245,validation
19928,validation
6082,validation
9833,validation
13275,validation
4671,validation
10749,validation
17466,validation
8087,validation
10727,validation
16663,validation
11796,validation
7760,validation
19808,validation
6252,validation
17918,validation
7519,validation
1903,validation
2667,validation
12582,validation
19090,validation
16683,validation
7916,validation
21087,validation
15136,validation
320,validation
11659,validation
6189,validation
19512,validation
19450,validation
24420,validation
19837,validation
21453,validation
6101,validation
5975,validation
17118,validation
3773,validation
22653,validation
7746,validation
14246,validation
15144,validation
6337,validation
259,validation
7503,validation
17604,validation
14967,validation
949,validation
11233,validation
6657,validation
18346,validation
23109,validation
317,validation
23713,validation
18006,validation
21770,validation
15645,validation
500,validation
22523,validation
3337,validation
21394,validation
17338,validation
22301,validation
1676,validation
10027,validation
6563,validation
2181,validation
23360,validation
3055,validation
15467,validation
6413,validation
8964,validation
21253,validation
737,validation
7613,validation
3631,validation
14763,validation
17059,validation
365,validation
20406,validation
7231,validation
6167,validation
15672,validation
12923,validation
12962,validation
5895,validation
1797,validation
7806,validation
46,validation
21589,validation
13958,validation
15801,validation
15477,validation
10667,validation
1851,validation
1547,validation
14227,validation
6219,validation
13126,validation
22829,validation
8633,validation
9627,validation
7370,validation
19955,validation
3638,validation
13913,validation
10400,validation
18763,validation
15021,validation
2758,validation
14172,validation
11600,validation
4078,validation
7480,validation
5308,validation
23741,validation
23707,validation
8286,validation
2570,validation
2350,validation
16689,validation
18967,validation
3894,validation
14539,validation
20390,validation
4537,validation
10912,validation
15125,validation
2921,validation
6477,validation
5123,validation
3569,validation
3919,validation
1505,validation
14999,validation
22633,validation
3665,validation
12742,validation
12048,validation
11775,validation
10967,validation
21562,validation
1139,validation
16927,validation
7653,validation
21570,validation
6443,validation
1553,validation
20769,validation
15597,validation
1322,validation
2804,validation
21193,validation
22446,validation
8516,validation
23477,validation
10788,validation
3700,validation
18383,validation
20549,validation
18394,validation
21879,validation
5161,validation
22816,validation
10271,validation
9427,validation
7961,validation
8666,validation
12376,validation
16678,validation
3527,validation
23069,validation
10261,validation
8664,validation
18363,validation
20990,validation
1561,validation
22566,validation
21531,validation
5654,validation
17882,validation
2663,validation
14354,validation
16740,validation
15669,validation
22244,validation
21401,validation
10564,validation
21852,validation
12216,validation
10144,validation
8280,validation
17862,validation
11752,validation
22264,validation
14771,validation
17497,validation
23952,validation
1197,validation
14806,validation
21355,validation
2141,validation
12075,validation
18588,validation
21188,validation
14538,validation
23533,validation
20890,validation
13782,validation
11708,validation
6825,validation
13379,validation
22619,validation
19986,validation
16612,validation
16779,validation
330,validation
13144,validation
5146,validation
14895,validation
17956,validation
13991,validation
5833,validation
21594,validation
2291,validation
17067,validation
4755,validation
18848,validation
18820,validation
11567,validation
8953,validation
20588,validation
15977,validation
16772,validation
4918,validation
15075,validation
7785,validation
6645,validation
20038,validation
18669,validation
19664,validation
22464,validation
10432,validation
22909,validation
8806,validation
12161,validation
22187,validation
16360,validation
12787,validation
7865,validation
14215,validation
2941,validation
14753,validation
15416,validation
1955,validation
16732,validation
11998,validation
12074,validation
20121,validation
3128,validation
7012,validation
13427,validation
18447,validation
14701,validation
10590,validation
10683,validation
12649,validation
17817,validation
22072,validation
19286,validation
8538,validation
22708,validation
4196,validation
6031,validation
5808,validation
23531,validation
18038,validation
8257,validation
8980,validation
11570,validation
4938,validation
22371,validation
10211,validation
13910,validation
4762,validation
3466,validation
23117,validation
11351,validation
16385,validation
8768,validation
3901,validation
12212,validation
13902,validation
42,validation
8651,validation
14067,validation
16368,validation
10472,validation
20456,validation
24444,validation
11989,validation
13008,validation
740,validation
14545,validation
20678,validation
1781,validation
17884,validation
12401,validation
1134,validation
10650,validation
23120,validation
2664,validation
19131,validation
15319,validation
11676,validation
6423,validation
5361,validation
21945,validation
3228,validation
1751,validation
14687,validation
24206,validation
24641,validation
1163,validation
2337,validation
12789,validation
752,validation
24498,validation
24027,validation
5207,validation
21447,validation
5579,validation
7931,validation
1964,validation
2061,validation
15510,validation
13828,validation
6279,validation
18161,validation
5936,validation
5380,validation
1347,validation
20726,validation
1595,validation
11257,validation
12428,validation
19216,validation
9377,validation
6496,validation
595,validation
19480,validation
12289,validation
13490,validation
21090,validation
855,validation
24297,validation
16355,validation
10837,validation
19066,validation
5324,validation
16423,validation
18149,validation
17355,validation
23281,validation
6306,validation
12061,validation
21434,validation
5919,validation
8249,validation
4534,validation
436,validation
2842,validation
21091,validation
8908,validation
9957,validation
10706,validation
23096,validation
24121,validation
16752,validation
473,validation
351,validation
9162,validation
6349,validation
19320,validation
10533,validation
7597,validation
23163,validation
14398,validation
6864,validation
19533,validation
15512,validation
14506,validation
17205,validation
5262,validation
16513,validation
812,validation
15759,validation
15117,validation
12137,validation
14787,validation
12315,validation
11771,validation
22054,validation
20004,validation
6297,validation
5593,validation
19868,validation
10236,validation
16558,validation
20472,validation
20798,validation
14014,validation
10448,validation
22758,validation
12795,validation
24733,validation
24419,validation
815,validation
8093,validation
3148,validation
644,validation
17751,validation
15098,validation
23373,validation
12856,validation
23218,validation
19114,validation
24637,validation
1192,validation
4030,validation
24115,validation
6859,validation
17756,validation
15768,validation
21799,validation
6782,validation
24587,validation
14840,validation
600,validation
14209,validation
3152,validation
17647,validation
24494,validation
23219,validation
24110,validation
16581,validation
22160,validation
2515,validation
6992,validation
8203,validation
10349,validation
9089,validation
432,validation
15631,validation
3734,validation
16511,validation
16664,validation
16644,validation
22716,validation
3332,validation
14202,validation
14334,validation
8826,validation
12881,validation
11314,validation
11928,validation
23622,validation
4200,validation
7709,validation
8101,validation
24125,validation
23352,validation
24158,validation
9174,validation
15590,validation
24045,validation
1958,validation
10954,validation
10711,validation
15061,validation
927,validation
5725,validation
8244,validation
21113,validation
6942,validation
2965,validation
8533,validation
13870,validation
5492,validation
23764,validation
14326,validation
16030,validation
6260,validation
14568,validation
22038,validation
3446,validation
21940,validation
10886,validation
4114,validation
8596,validation
21236,validation
14878,validation
23897,validation
16557,validation
7521,validation
15219,validation
9668,validation
15390,validation
11177,validation
21625,validation
5619,validation
19785,validation
13691,validation
15482,validation
6885,validation
10881,validation
5787,validation
6868,validation
4487,validation
23395,validation
19456,validation
10262,validation
15260,validation
21749,validation
7308,validation
13694,validation
8526,validation
20748,validation
19605,validation
10623,validation
6061,validation
13207,validation
1669,validation
17279,validation
16734,validation
19266,validation
24007,validation
9792,validation
21008,validation
3276,validation
1414,validation
2864,validation
12875,validation
10813,validation
22388,validation
20450,validation
2774,validation
14300,validation
16812,validation
20158,validation
3499,validation
16295,validation
22806,validation
3394,validation
1533,validation
54,validation
17798,validation
14341,validation
23332,validation
5392,validation
17559,validation
17928,validation
11253,validation
1274,validation
25,validation
22019,validation
8214,validation
22235,validation
16702,validation
21894,validation
8677,validation
14056,validation
10527,validation
8896,validation
14764,validation
19881,validation
3958,validation
21553,validation
5027,validation
9005,validation
16997,validation
11698,validation
12173,validation
19080,validation
12710,validation
4595,validation
3463,validation
2817,validation
23493,validation
1774,validation
428,validation
9214,validation
12522,validation
13600,validation
24680,validation
3447,validation
17080,validation
717,validation
23617,validation
19121,validation
19352,validation
14184,validation
24507,validation
8913,validation
7133,validation
8048,validation
21809,validation
22310,validation
21074,validation
5719,validation
20469,validation
23817,validation
21448,validation
20368,validation
9727,validation
6672,validation
18964,validation
22680,validation
2247,validation
23015,validation
15491,validation
17613,validation
7704,validation
14194,validation
10068,validation
3254,validation
13071,validation
367,validation
14038,validation
7927,validation
11678,validation
15678,validation
19465,validation
24763,validation
21509,validation
22659,validation
20854,validation
9976,validation
7629,validation
7576,validation
3536,validation
16961,validation
1230,validation
16553,validation
9670,validation
1441,validation
1867,validation
16675,validation
11799,validation
21952,validation
11484,validation
1563,validation
1795,validation
4229,validation
18748,validation
16243,validation
15090,validation
7848,validation
13463,validation
19872,validation
23595,validation
22305,validation
17086,validation
879,validation
15855,validation
24081,validation
11173,validation
14643,validation
6775,validation
15577,validation
12228,validation
7320,validation
4752,validation
19596,validation
8351,validation
21168,validation
20653,validation
21278,validation
10802,validation
8435,validation
19547,validation
21737,validation
22213,validation
10766,validation
21993,validation
10491,validation
20113,validation
17018,validation
6235,validation
13679,validation
8746,validation
5646,validation
14900,validation
1415,validation
4919,validation
7647,validation
14153,validation
368,validation
226,validation
5009,validation
21333,validation
9326,validation
22863,validation
594,validation
519,validation
11381,validation
12880,validation
16420,validation
2991,validation
11425,validation
9520,validation
17683,validation
24252,validation
23298,validation
17898,validation
141,validation
22762,validation
12125,validation
10356,validation
21328,validation
9325,validation
15531,validation
19341,validation
5065,validation
5052,validation
6438,validation
10546,validation
13754,validation
19988,validation
7332,validation
11852,validation
15583,validation
9237,validation
6369,validation
4310,validation
2870,validation
294,validation
15068,validation
13790,validation
5966,validation
1024,validation
6156,validation
2599,validation
9961,validation
9182,validation
17021,validation
8631,validation
12446,validation
9817,validation
4782,validation
21743,validation
18232,validation
24317,validation
3284,validation
3458,validation
11757,validation
21289,validation
2282,validation
5783,validation
7847,validation
10940,validation
5180,validation
3618,validation
10704,validation
16537,validation
4067,validation
24338,validation
16715,validation
22840,validation
21189,validation
14140,validation
11436,validation
24528,validation
5737,validation
6421,validation
8482,validation
5576,validation
174,validation
24456,validation
19303,validation
9679,validation
16166,validation
15073,validation
22937,validation
1959,validation
24274,validation
22118,validation
14002,validation
22987,validation
6113,validation
23335,validation
21975,validation
9254,validation
8506,validation
8523,validation
13898,validation
15469,validation
5390,validation
21047,validation
7645,validation
21889,validation
23130,validation
21482,validation
23997,validation
14359,validation
24482,validation
10551,validation
5001,validation
7180,validation
10743,validation
3811,validation
7956,validation
18627,validation
2056,validation
3370,validation
19078,validation
7446,validation
6474,validation
9270,validation
6382,validation
3815,validation
18416,validation
17281,validation
7762,validation
14126,validation
10167,validation
17701,validation
19656,validation
16953,validation
20950,validation
15699,validation
12375,validation
11207,validation
24322,validation
12490,validation
19183,validation
1295,validation
17009,validation
21478,validation
10644,validation
18940,validation
19212,validation
12361,validation
4404,validation
72,validation
20979,validation
1151,validation
16460,validation
21235,validation
10871,validation
19573,validation
13499,validation
20989,validation
5209,validation
23945,validation
3077,validation
9700,validation
11762,validation
17115,validation
8563,validation
3790,validation
2072,validation
7565,validation
4842,validation
20241,validation
17802,validation
5338,validation
19712,validation
15872,validation
3851,validation
14639,validation
16771,validation
3845,validation
5002,validation
14284,validation
8062,validation
23199,validation
23762,validation
12144,validation
20024,validation
390,validation
16817,validation
18680,validation
10719,validation
7434,validation
5743,validation
18001,validation
14324,validation
23562,validation
12094,validation
1114,validation
3429,validation
9613,validation
23062,validation
6176,validation
17432,validation
17682,validation
9644,validation
24705,validation
14328,validation
6300,validation
5661,validation
8861,validation
11646,validation
20969,validation
1730,validation
14710,validation
16899,validation
5924,validation
23280,validation
14353,validation
22209,validation
6271,validation
3634,validation
3063,validation
16186,validation
17700,validation
15896,validation
6954,validation
11238,validation
10738,validation
14736,validation
7386,validation
12084,validation
16189,validation
21383,validation
14337,validation
22427,validation
9516,validation
10964,validation
3726,validation
23068,validation
5110,validation
18152,validation
5340,validation
11883,validation
7476,validation
13880,validation
18008,validation
7429,validation
22360,validation
16299,validation
176,validation
4474,validation
5580,validation
12066,validation
7482,validation
6615,validation
15994,validation
6222,validation
2449,validation
23059,validation
16692,validation
6365,validation
21688,validation
8789,validation
12816,validation
9106,validation
15213,validation
9635,validation
14149,validation
20687,validation
17900,validation
18842,validation
11834,validation
10131,validation
889,validation
15383,validation
5030,validation
18708,validation
4234,validation
18451,validation
307,validation
7796,validation
19203,validation
4946,validation
20011,validation
434,validation
20996,validation
1894,validation
17022,validation
12538,validation
18874,validation
16218,validation
11573,validation
590,validation
20232,validation
15652,validation
4699,validation
7451,validation
3109,validation
4471,validation
2009,validation
12922,validation
11279,validation
24403,validation
6224,validation
9637,validation
12399,validation
12995,validation
24351,validation
9780,validation
10008,validation
24093,validation
23655,validation
24443,validation
8039,validation
3398,validation
24339,validation
20584,validation
2498,validation
18378,validation
10119,validation
12577,validation
22657,validation
6436,validation
16806,validation
24099,validation
19645,validation
10840,validation
7148,validation
16140,validation
5168,validation
15432,validation
4043,validation
21234,validation
19344,validation
620,validation
5745,validation
658,validation
2351,validation
13454,validation
8844,validation
8220,validation
15429,validation
17912,validation
8272,validation
19394,validation
5564,validation
5094,validation
10863,validation
4173,validation
16682,validation
15811,validation
6971,validation
2716,validation
1402,validation
22913,validation
3877,validation
20430,validation
12248,validation
14530,validation
19175,validation
708,validation
9157,validation
12553,validation
17273,validation
11424,validation
8623,validation
15166,validation
21466,validation
23413,validation
6320,validation
9874,validation
6478,validation
9158,test
4496,test
16156,test
2411,test
22630,test
10185,test
7667,test
5263,test
1544,test
7340,test
12777,test
4065,test
17769,test
14507,test
9982,test
11614,test
11767,test
24050,test
8495,test
24051,test
11636,test
19623,test
1288,test
14137,test
20879,test
1422,test
11837,test
20347,test
2733,test
18431,test
8011,test
6299,test
20527,test
7431,test
21427,test
18974,test
24779,test
17687,test
14178,test
5578,test
18077,test
15540,test
8537,test
23390,test
12103,test
10280,test
16587,test
10948,test
22601,test
19269,test
10290,test
19728,test
20725,test
4337,test
5212,test
14499,test
4875,test
10170,test
22894,test
18377,test
7928,test
22279,test
12104,test
1692,test
18059,test
20655,test
7406,test
20278,test
7280,test
9729,test
16736,test
16687,test
1743,test
8409,test
7144,test
1916,test
5980,test
9537,test
16798,test
2546,test
9113,test
15094,test
19109,test
22499,test
16387,test
13371,test
20345,test
19416,test
7282,test
2410,test
24529,test
22625,test
10540,test
3412,test
6311,test
19471,test
12808,test
11144,test
3663,test
21593,test
6460,test
17094,test
6445,test
10532,test
15809,test
23249,test
17361,test
4162,test
3072,test
7745,test
7153,test
4990,test
14952,test
14527,test
2752,test
3070,test
6005,test
8034,test
16343,test
9137,test
9762,test
16680,test
8337,test
14557,test
8356,test
20789,test
24033,test
1446,test
10653,test
18942,test
15789,test
7455,test
14766,test
24611,test
19335,test
8299,test
3104,test
19242,test
21375,test
6124,test
19956,test
12149,test
7195,test
8714,test
19983,test
22462,test
14983,test
19550,test
1895,test
22838,test
16433,test
4284,test
16579,test
12329,test
12251,test
6602,test
5062,test
16532,test
23710,test
16266,test
23262,test
17386,test
3418,test
14491,test
14165,test
17280,test
5531,test
7510,test
10277,test
14199,test
7181,test
654,test
23920,test
7290,test
13050,test
18122,test
10155,test
15084,test
1316,test
23188,test
587,test
6169,test
20594,test
1115,test
8775,test
18106,test
482,test
7990,test
3075,test
12535,test
16726,test
5159,test
22420,test
10693,test
22795,test
24551,test
19830,test
6835,test
7773,test
1098,test
5586,test
11514,test
9829,test
20977,test
8412,test
2174,test
3185,test
7557,test
15247,test
4146,test
7898,test
6284,test
2719,test
2485,test
2477,test
1938,test
16262,test
8715,test
20084,test
17993,test
3548,test
20369,test
17634,test
1388,test
2672,test
22507,test
19157,test
9278,test
8698,test
15228,test
16634,test
24308,test
1263,test
2221,test
7600,test
21603,test
9902,test
14107,test
21344,test
3091,test
13724,test
20140,test
15412,test
19586,test
6107,test
3123,test
19085,test
9752,test
13201,test
13503,test
14549,test
22638,test
3317,test
8580,test
765,test
14379,test
23463,test
10460,test
3069,test
796,test
8016,test
21850,test
7118,test
13961,test
22451,test
13051,test
14257,test
2809,test
21228,test
466,test
7508,test
12340,test
853,test
2652,test
755,test
23097,test
23930,test
4008,test
19562,test
13797,test
24460,test
16225,test
24640,test
3885,test
24567,test
910,test
8041,test
20392,test
15928,test
6358,test
16712,test
10321,test
10895,test
4700,test
13484,test
6771,test
14862,test
13761,test
15830,test
20704,test
15675,test
9786,test
17121,test
5624,test
19826,test
24183,test
7818,test
6207,test
23394,test
16356,test
6523,test
15170,test
5622,test
17518,test
15005,test
18092,test
17652,test
7481,test
21573,test
4872,test
9803,test
17607,test
17735,test
19407,test
9981,test
539,test
2536,test
9151,test
21208,test
21908,test
313,test
18236,test
18147,test
1558,test
2287,test
15948,test
19544,test
2883,test
21227,test
884,test
11997,test
15478,test
10839,test
12726,test
2438,test
24172,test
16956,test
24321,test
7345,test
15263,test
22568,test
21251,test
4887,test
14642,test
1391,test
9855,test
16339,test
11410,test
3601,test
1704,test
5909,test
2213,test
15979,test
11831,test
2358,test
13815,test
23105,test
15783,test
6526,test
9513,test
16459,test
12082,test
8959,test
20316,test
23285,test
10612,test
16301,test
6313,test
9238,test
23829,test
11515,test
21931,test
17641,test
17992,test
4261,test
8490,test
14498,test
17330,test
24001,test
7711,test
8185,test
11135,test
10283,test
17283,test
23539,test
19164,test
16748,test
14036,test
8719,test
5276,test
14585,test
7962,test
17081,test
9653,test
8827,test
6818,test
11193,test
13747,test
9683,test
16040,test
15010,test
20153,test
9395,test
3839,test
27,test
19958,test
738,test
7780,test
15268,test
3892,test
4176,test
15041,test
9051,test
10150,test
20808,test
12470,test
12643,test
24350,test
183,test
20991,test
5992,test
12639,test
16312,test
18956,test
3836,test
7238,test
19362,test
13809,test
17064,test
14704,test
18630,test
8885,test
3445,test
15839,test
22350,test
23331,test
18771,test
15287,test
19654,test
8981,test
19802,test
8225,test
8996,test
21327,test
9521,test
14770,test
5021,test
8881,test
17703,test
16259,test
1219,test
8934,test
4576,test
18140,test
9837,test
11672,test
7592,test
16005,test
21286,test
175,test
22389,test
21312,test
18486,test
17074,test
4901,test
21724,test
5195,test
5462,test
21882,test
917,test
13112,test
14743,test
3241,test
11252,test
12579,test
20581,test
3326,test
1188,test
23890,test
18933,test
335,test
14712,test
3480,test
13296,test
15346,test
10888,test
12527,test
14587,test
17348,test
11586,test
17350,test
10582,test
3669,test
20682,test
6919,test
24234,test
22818,test
15560,test
1129,test
16278,test
2857,test
5057,test
10811,test
2966,test
5138,test
10631,test
1030,test
5014,test
5855,test
14468,test
1727,test
5797,test
5791,test
12857,test
15240,test
18070,test
1630,test
4214,test
23601,test
1369,test
1009,test
10666,test
13104,test
2517,test
15014,test
1244,test
23943,test
23912,test
1314,test
15727,test
20284,test
24155,test
20378,test
10911,test
22864,test
19564,test
21946,test
19003,test
2612,test
16947,test
7265,test
5080,test
13166,test
10011,test
4985,test
15637,test
22319,test
17399,test
10347,test
1509,test
24391,test
5704,test
22000,test
18415,test
14006,test
13387,test
1374,test
12016,test
19898,test
24595,test
12357,test
18879,test
9822,test
7217,test
18367,test
1515,test
24659,test
18406,test
4776,test
21516,test
17931,test
23825,test
20660,test
2808,test
1331,test
5200,test
21821,test
4143,test
13435,test
14906,test
13317,test
7698,test
10136,test
9187,test
783,test
22317,test
21290,test
12552,test
6342,test
1433,test
22449,test
17192,test
10678,test
9309,test
20622,test
9380,test
21136,test
5630,test
18999,test
16143,test
21991,test
24247,test
2956,test
16418,test
21866,test
19363,test
8281,test
8914,test
23066,test
14342,test
14827,test
10519,test
5241,test
2367,test
3369,test
21197,test
15019,test
24071,test
4057,test
16427,test
11976,test
23924,test
1651,test
22174,test
18297,test
18224,test
24069,test
11352,test
15821,test
14173,test
3737,test
17145,test
22474,test
6262,test
9899,test
17800,test
14726,test
7145,test
592,test
13072,test
23551,test
10215,test
24530,test
3296,test
1278,test
11506,test
9419,test
5435,test
3563,test
12,test
10781,test
14112,test
5561,test
459,test
19098,test
13758,test
7687,test
17988,test
7377,test
10793,test
17377,test
18329,test
13449,test
7268,test
7752,test
4308,test
20429,test
11819,test
13181,test
3138,test
4773,test
4944,test
15420,test
7301,test
8576,test
984,test
2448,test
6551,test
9258,test
7468,test
18478,test
20187,test
15954,test
8078,test
10687,test
5099,test
20828,test
9678,test
5158,test
15006,test
13534,test
4464,test
16766,test
9422,test
15585,test
12605,test
16352,test
16351,test
11091,test
14920,test
5031,test
5883,test
15178,test
10506,test
15481,test
16686,test
21660,test
16757,test
1338,test
24736,test
1583,test
4675,test
10281,test
20276,test
6212,test
14203,test
1484,test
6986,test
8678,test
16409,test
5489,test
18827,test
1401,test
19926,test
8928,test
7739,test
10603,test
20420,test
14224,test
13739,test
15149,test
23459,test
15189,test
9301,test
3293,test
8655,test
19839,test
23958,test
17190,test
20647,test
18223,test
22063,test
2903,test
22226,test
20558,test
20690,test
1185,test
16406,test
14876,test
23873,test
6070,test
19803,test
22741,test
6541,test
7147,test
18970,test
24342,test
14060,test
7040,test
21382,test
11280,test
13452,test
2406,test
18268,test
6444,test
1152,test
10411,test
1723,test
6339,test
4565,test
15357,test
24199,test
1482,test
1609,test
11657,test
869,test
12809,test
3632,test
7690,test
16132,test
1124,test
15311,test
6826,test
3684,test
7169,test
2349,test
13101,test
1011,test
14828,test
10457,test
6940,test
12975,test
16879,test
7731,test
5125,test
21449,test
14968,test
14700,test
12927,test
23498,test
8816,test
9473,test
8831,test
12500,test
702,test
16010,test
15341,test
245,test
12237,test
4113,test
18234,test
7558,test
2268,test
4788,test
21078,test
456,test
21196,test
3911,test
16787,test
1194,test
809,test
23166,test
10044,test
10198,test
21988,test
19793,test
8760,test
9685,test
4378,test
14311,test
1018,test
7610,test
24492,test
3236,test
6687,test
5387,test
22396,test
15111,test
16464,test
16285,test
5536,test
16604,test
8681,test
8480,test
7770,test
17954,test
9418,test
10296,test
11501,test
4889,test
9519,test
9083,test
8283,test
18657,test
341,test
19057,test
13582,test
13472,test
8963,test
15706,test
1111,test
17788,test
11555,test
5210,test
9253,test
7947,test
19071,test
19838,test
6970,test
7684,test
2194,test
222,test
13599,test
18649,test
14742,test
14044,test
20864,test
12827,test
15703,test
3134,test
20650,test
9766,test
2555,test
16397,test
6751,test
4426,test
16545,test
91,test
17476,test
4739,test
6184,test
21423,test
23213,test
3306,test
24704,test
2820,test
4285,test
1470,test
7652,test
12545,test
10624,test
14221,test
23615,test
1034,test
12126,test
19001,test
5993,test
13403,test
17915,test
23676,test
15250,test
475,test
858,test
977,test
24275,test
11409,test
17304,test
9730,test
2569,test
1569,test
612,test
16167,test
23246,test
15217,test
15159,test
14134,test
12692,test
2360,test
5952,test
95,test
10121,test
14245,test
22276,test
14598,test
17249,test
6392,test
5914,test
11714,test
24526,test
996,test
14623,test
2082,test
5682,test
24244,test
9266,test
13313,test
15095,test
5623,test
9464,test
23892,test
7216,test
12461,test
14868,test
5186,test
6308,test
8989,test
1731,test
3728,test
4522,test
20045,test
6712,test
13525,test
14874,test
22685,test
14119,test
7862,test
21487,test
21596,test
3521,test
8930,test
3782,test
9886,test
14521,test
24759,test
13154,test
3871,test
22361,test
15284,test
3952,test
24638,test
18628,test
17308,test
12008,test
13657,test
588,test
16136,test
21932,test
14376,test
18652,test
9075,test
9049,test
13221,test
17447,test
17842,test
1436,test
22469,test
21643,test
10244,test
6995,test
6603,test
2702,test
2050,test
2526,test
13998,test
3579,test
10091,test
7427,test
4929,test
7644,test
14851,test
10747,test
16499,test
12502,test
15660,test
11914,test
4577,test
15187,test
16337,test
20563,test
5698,test
5097,test
17532,test
15643,test
828,test
5609,test
21696,test
21504,test
3697,test
9229,test
1815,test
23604,test
7335,test
2610,test
20997,test
2193,test
17508,test
3034,test
5571,test
712,test
7411,test
6508,test
22755,test
7869,test
7139,test
20756,test
327,test
7678,test
13246,test
1207,test
12231,test
20046,test
4720,test
2751,test
8436,test
17088,test
7409,test
3689,test
13943,test
2856,test
20414,test
4010,test
12108,test
4830,test
19505,test
2633,test
3115,test
5617,test
24727,test
22500,test
13502,test
19993,test
6666,test
4211,test
14241,test
18798,test
10471,test
15734,test
21017,test
6945,test
5767,test
19968,test
6378,test
23210,test
4933,test
20112,test
5225,test
14606,test
14405,test
15345,test
142,test
15083,test
4181,test
7213,test
20181,test
9217,test
9025,test
4312,test
12999,test
23881,test
20896,test
13498,test
17149,test
1053,test
14943,test
18712,test
11019,test
7325,test
16205,test
17979,test
23430,test
3434,test
3065,test
20389,test
11548,test
16793,test
7321,test
14671,test
19152,test
715,test
23651,test
3720,test
4255,test
10051,test
4356,test
7515,test
18625,test
2215,test
14444,test
8258,test
9767,test
12224,test
5292,test
10548,test
16825,test
15798,test
7300,test
16363,test
20876,test
21518,test
8944,test
18561,test
7895,test
17660,test
4278,test
1435,test
2137,test
16213,test
6076,test
12495,test
23291,test
15769,test
18941,test
9824,test
7485,test
8923,test
24160,test
801,test
667,test
16257,test
18158,test
23650,test
238,test
16436,test
14464,test
1108,test
19989,test
5337,test
24207,test
11321,test
10122,test
18193,test
553,test
22138,test
21464,test
3344,test
3753,test
20675,test
15288,test
17403,test
8723,test
7654,test
23333,test
2656,test
17055,test
1597,test
15999,test
2649,test
3199,test
23261,test
4318,test
14815,test
9664,test
19704,test
13737,test
23628,test
19472,test
5984,test
13392,test
919,test
4578,test
4791,test
8662,test
3404,test
18118,test
18672,test
7220,test
1688,test
7103,test
6861,test
8727,test
10197,test
20878,test
19455,test
10344,test
16110,test
12797,test
5010,test
5857,test
12407,test
17163,test
18955,test
11651,test
21329,test
2853,test
5085,test
3856,test
3242,test
4600,test
23358,test
12129,test
11921,test
14000,test
24044,test
8771,test
6257,test
230,test
10279,test
2306,test
14382,test
2659,test
18881,test
2254,test
2639,test
20949,test
20271,test
20976,test
24440,test
19594,test
15661,test
24605,test
18064,test
21439,test
19458,test
11358,test
6840,test
20506,test
17976,test
9467,test
928,test
21428,test
24341,test
17708,test
11448,test
19067,test
12188,test
5637,test
6116,test
9997,test
22821,test
9940,test
15326,test
10880,test
4508,test
2361,test
4142,test
7656,test
24213,test
19086,test
9230,test
22303,test
7241,test
12100,test
10679,test
17085,test
5000,test
2238,test
11346,test
21476,test
13324,test
20902,test
15774,test
5778,test
18701,test
4290,test
19262,test
17255,test
22837,test
12320,test
161,test
12752,test
4004,test
19897,test
6813,test
6323,test
8389,test
11838,test
18947,test
22998,test
10659,test
8108,test
1118,test
4182,test
11221,test
209,test
18765,test
14320,test
6858,test
17734,test
214,test
13576,test
9782,test
316,test
15222,test
5477,test
23847,test
9101,test
18484,test
6570,test
6594,test
13471,test
22477,test
13652,test
22247,test
14941,test
8732,test
10083,test
21522,test
12107,test
19308,test
9388,test
21896,test
6997,test
22211,test
17941,test
6714,test
2007,test
10382,test
22632,test
22928,test
3722,test
18590,test
14,test
23809,test
1154,test
16135,test
6244,test
14003,test
14339,test
10139,test
18300,test
9417,test
6343,test
21982,test
4233,test
21506,test
805,test
19895,test
6754,test
4893,test
20685,test
8376,test
2200,test
6155,test
10112,test
5516,test
8566,test
4666,test
22699,test
3442,test
1809,test
16973,test
24216,test
22347,test
6412,test
22230,test
16456,test
14012,test
3137,test
14289,test
24022,test
7306,test
16380,test
15047,test
18244,test
13509,test
5835,test
16431,test
21186,test
7601,test
16559,test
19854,test
4628,test
8679,test
4466,test
11739,test
17719,test
16913,test
21510,test
2214,test
3800,test
14308,test
15030,test
6180,test
1524,test
12309,test
8586,test
5927,test
6095,test
16800,test
899,test
8920,test
994,test
23013,test
11495,test
2271,test
3933,test
22583,test
14278,test
5541,test
21377,test
11228,test
685,test
11971,test
24016,test
2932,test
16922,test
24439,test
15424,test
3043,test
9311,test
1626,test
1383,test
17972,test
12887,test
2027,test
24426,test
9718,test
13849,test
20346,test
17146,test
4280,test
6527,test
11158,test
2253,test
837,test
12239,test
2890,test
14232,test
2384,test
22584,test
24292,test
16008,test
17524,test
15413,test
2863,test
12313,test
8871,test
2709,test
22202,test
12912,test
9888,test
19912,test
7526,test
10484,test
3195,test
24584,test
21727,test
14730,test
8721,test
13194,test
7116,test
21019,test
5194,test
501,test
19979,test
2552,test
16275,test
19077,test
9629,test
11932,test
6559,test
18141,test
2428,test
7696,test
20152,test
10084,test
11482,test
1643,test
2744,test
303,test
6475,test
4543,test
13029,test
4220,test
6078,test
1816,test
14603,test
12640,test
8758,test
23889,test
17975,test
11749,test
23946,test
13631,test
19295,test
22557,test
334,test
21291,test
9673,test
888,test
1281,test
1698,test
1805,test
8724,test
15447,test
9985,test
22349,test
19319,test
21582,test
21134,test
14335,test
4873,test
9163,test
5199,test
16142,test
7479,test
18710,test
22284,test
11382,test
3089,test
7930,test
17930,test
21211,test
15831,test
7474,test
15653,test
4704,test
23450,test
17406,test
20908,test
2959,test
4444,test
23716,test
6722,test
16937,test
13370,test
10850,test
7528,test
6025,test
20266,test
17596,test
12114,test
16333,test
2543,test
10502,test
8181,test
19658,test
4617,test
172,test
24013,test
914,test
21179,test
12468,test
5152,test
9031,test
17871,test
18456,test
8051,test
21084,test
18366,test
23497,test
22790,test
12608,test
4344,test
4535,test
5672,test
17405,test
11454,test
19496,test
18910,test
822,test
22367,test
4204,test
6354,test
11396,test
10500,test
7693,test
9628,test
15549,test
12047,test
3298,test
4690,test
10014,test
1637,test
21372,test
1729,test
8131,test
14157,test
22137,test
3268,test
21029,test
10012,test
24601,test
24301,test
1021,test
15812,test
16510,test
1593,test
15865,test
1873,test
18681,test
4198,test
9999,test
19151,test
827,test
8300,test
1445,test
15810,test
18607,test
20193,test
12362,test
15392,test
24334,test
14705,test
3770,test
16624,test
19581,test
20832,test
11571,test
13408,test
2125,test
21995,test
2472,test
630,test
5988,test
19018,test
6259,test
275,test
19349,test
24706,test
12845,test
17575,test
14432,test
23259,test
3690,test
10544,test
1181,test
17515,test
8174,test
14752,test
438,test
22439,test
13453,test
12822,test
13478,test
16902,test
19870,test
20649,test
2386,test
8952,test
5507,test
21268,test
8743,test
12585,test
11349,test
18410,test
14125,test
10800,test
4418,test
7284,test
24782,test
14781,test
10547,test
18323,test
17796,test
1430,test
3696,test
17901,test
171,test
13973,test
21110,test
14624,test
23550,test
23047,test
22483,test
20641,test
9530,test
5590,test
3497,test
8269,test
2382,test
12647,test
20620,test
15628,test
9087,test
22559,test
7938,test
18664,test
13496,test
3383,test
10203,test
22560,test
22212,test
15242,test
11433,test
23891,test
24019,test
11541,test
11297,test
4778,test
10700,test
1703,test
18992,test
2997,test
3874,test
11827,test
20352,test
20068,test
2839,test
10853,test
20572,test
18409,test
318,test
16235,test
19723,test
8231,test
7072,test
8594,test
8399,test
3336,test
22458,test
13304,test
16124,test
14317,test
20460,test
7469,test
2357,test
15901,test
23870,test
23370,test
1573,test
7732,test
23919,test
12458,test
3848,test
6416,test
11293,test
17717,test
13693,test
21546,test
6395,test
10977,test
2216,test
20659,test
2747,test
24491,test
21691,test
24392,test
16119,test
6502,test
2600,test
5780,test
21127,test
17143,test
16855,test
15721,test
199,test
23343,test
16057,test
1452,test
18308,test
26,test
12382,test
24179,test
14333,test
12067,test
12118,test
16434,test
7767,test
10845,test
2898,test
17699,test
3441,test
9482,test
16098,test
3200,test
8434,test
23247,test
4410,test
21846,test
18219,test
8373,test
7737,test
23907,test
19091,test
19732,test
8118,test
5522,test
18338,test
19637,test
22750,test
20624,test
22158,test
2264,test
9486,test
5683,test
13425,test
22927,test
1367,test
7187,test
17872,test
9332,test
18414,test
14431,test
4882,test
19180,test
16850,test
23442,test
1297,test
3333,test
22529,test
14833,test
20154,test
16212,test
18662,test
4722,test
18360,test
10522,test
2894,test
159,test
4297,test
23938,test
20522,test
9615,test
18546,test
8105,test
9255,test
8860,test
11315,test
5343,test
1130,test
18706,test
4381,test
16993,test
21051,test
7572,test
1319,test
23156,test
11415,test
23929,test
9477,test
1913,test
9443,test
16854,test
2114,test
24510,test
0,test
9272,test
7208,test
17841,test
10053,test
19297,test
13493,test
17590,test
13148,test
17666,test
5942,test
8332,test
5741,test
1889,test
15049,test
11809,test
21584,test
9260,test
2777,test
11416,test
2859,test
11620,test
1061,test
21983,test
7640,test
18065,test
20614,test
19485,test
7699,test
16969,test
24679,test
13777,test
2781,test
16455,test
22663,test
20136,test
9525,test
1550,test
23926,test
2153,test
21695,test
21159,test
21942,test
15990,test
11330,test
21307,test
10775,test
9006,test
24264,test
735,test
23750,test
14721,test
13278,test
8991,test
12091,test
7078,test
11455,test
16407,test
18471,test
2881,test
2706,test
1277,test
9991,test
6891,test
21111,test
6943,test
22239,test
8581,test
21161,test
2620,test
13170,test
4425,test
14352,test
6755,test
24573,test
11029,test
15945,test
7520,test
17459,test
12473,test
23223,test
13364,test
13271,test
7879,test
15216,test
19283,test
22733,test
22480,test
3725,test
18613,test
107,test
21847,test
10550,test
12532,test
1031,test
21068,test
20806,test
20794,test
9618,test
4912,test
12826,test
4361,test
16977,test
13302,test
12825,test
15913,test
12964,test
2816,test
13552,test
9139,test
11418,test
15680,test
9856,test
19448,test
6363,test
21880,test
3943,test
23532,test
2087,test
1283,test
17391,test
23426,test
18854,test
1426,test
17293,test
23591,test
23031,test
2931,test
20779,test
1099,test
24364,test
4499,test
24464,test
9918,test
22775,test
3862,test
21559,test
3046,test
2869,test
18829,test
12770,test
6469,test
13826,test
10592,test
11123,test
11975,test
18072,test
958,test
17413,test
2385,test
19541,test
9832,test
5170,test
22159,test
6096,test
2559,test
16944,test
6480,test
6208,test
16373,test
5019,test
9497,test
14880,test
14795,test
2565,test
7971,test
4003,test
9878,test
18083,test
21891,test
23222,test
17412,test
14211,test
13430,test
17611,test
15613,test
22075,test
236,test
2139,test
11964,test
20201,test
24622,test
8606,test
2832,test
5668,test
1927,test
6980,test
1896,test
469,test
12460,test
11125,test
2942,test
528,test
24076,test
3371,test
21858,test
16384,test
4341,test
18653,test
2936,test
13951,test
9825,test
17857,test
739,test
15351,test
3444,test
16654,test
4313,test
13227,test
21070,test
3465,test
19013,test
6627,test
11042,test
20844,test
12168,test
2316,test
19666,test
24109,test
6068,test
22128,test
20209,test
11905,test
17957,test
8091,test
22256,test
16780,test
8748,test
16951,test
11277,test
1302,test
11441,test
904,test
15933,test
2156,test
6043,test
18601,test
444,test
17926,test
9524,test
23712,test
3161,test
6039,test
2405,test
9748,test
19401,test
15952,test
17960,test
8424,test
24042,test
18884,test
5197,test
18809,test
12629,test
5127,test
7907,test
12025,test
24724,test
15922,test
12576,test
17325,test
14996,test
12163,test
22602,test
23841,test
7616,test
22743,test
15430,test
7951,test
23793,test
11044,test
2660,test
19096,test
16208,test
1844,test
23460,test
24058,test
13505,test
8813,test
24719,test
23871,test
6034,test
20219,test
22467,test
18028,test
17933,test
22705,test
417,test
6524,test
8044,test
21747,test
3929,test
24192,test
15641,test
24265,test
1384,test
12804,test
9983,test
6663,test
19000,test
12860,test
19976,test
7499,test
3825,test
2614,test
12316,test
4596,test
9814,test
4605,test
22603,test
18350,test
4807,test
12976,test
19260,test
3729,test
3648,test
19909,test
15065,test
14287,test
2905,test
13394,test
24598,test
2475,test
24354,test
8264,test
17420,test
21254,test
1834,test
24768,test
10326,test
6141,test
20826,test
3555,test
13480,test
4525,test
22466,test
7708,test
5740,test
20409,test
24527,test
1648,test
22614,test
4406,test
15489,test
3140,test
14980,test
2819,test
6165,test
23853,test
24026,test
23115,test
13983,test
19788,test
23311,test
216,test
23580,test
11568,test
1493,test
13433,test
5048,test
6293,test
12762,test
17461,test
22333,test
22580,test
24655,test
4320,test
11649,test
7540,test
7849,test
7194,test
1052,test
4909,test
24438,test
21202,test
16386,test
19209,test
4550,test
3335,test
2696,test
12935,test
21209,test
9932,test
16134,test
4386,test
4681,test
13688,test
17435,test
7045,test
14873,test
7642,test
22859,test
202,test
21215,test
24221,test
7425,test
9110,test
165,test
1229,test
6205,test
11787,test
13629,test
23843,test
18426,test
16036,test
5098,test
16768,test
21393,test
2426,test
462,test
5105,test
12003,test
16365,test
1157,test
9116,test
3473,test
10354,test
631,test
3270,test
2037,test
16227,test
22536,test
17602,test
106,test
15749,test
20774,test
898,test
16075,test
4841,test
1007,test
21009,test
4226,test
3556,test
20568,test
9146,test
23798,test
10651,test
8136,test
21341,test
12810,test
12696,test
24636,test
15567,test
20777,test
12300,test
10735,test
20217,test
6756,test
15730,test
5297,test
2770,test
3329,test
13033,test
2233,test
14670,test
13005,test
8573,test
23478,test
23445,test
8969,test
19104,test
14476,test
16623,test
16760,test
19938,test
19068,test
2939,test
1190,test
12294,test
255,test
21899,test
9136,test
11399,test
11212,test
700,test
24181,test
6783,test
15048,test
6977,test
3861,test
11128,test
24707,test
4828,test
9440,test
18222,test
23119,test
21124,test
1042,test
16648,test
4625,test
2290,test
11397,test
1601,test
4509,test
13716,test
17076,test
22190,test
17443,test
6752,test
3078,test
21953,test
21075,test
16461,test
23991,test
4118,test
1261,test
21365,test
19810,test
19135,test
2111,test
21585,test
2202,test
16939,test
9866,test
4384,test
19507,test
15508,test
12110,test
3484,test
3120,test
16032,test
7683,test
4438,test
12602,test
21138,test
15411,test
435,test
11773,test
23635,test
10123,test
9808,test
8924,test
14679,test
9720,test
16709,test
14575,test
21785,test
116,test
17670,test
11327,test
9027,test
9666,test
6637,test
23089,test
22330,test
8645,test
19045,test
9967,test
15938,test
17984,test
18225,test
6467,test
20916,test
24097,test
8081,test
2165,test
4916,test
23159,test
21184,test
24648,test
18270,test
5357,test
2333,test
173,test
17051,test
4922,test
1674,test
10485,test
7179,test
20366,test
21465,test
1842,test
340,test
17826,test
21094,test
5247,test
17786,test
15496,test
18011,test
18124,test
19306,test
12192,test
4436,test
23020,test
3637,test
17389,test
312,test
9697,test
9933,test
8040,test
14452,test
24712,test
19626,test
3545,test
22725,test
15875,test
21042,test
3903,test
12945,test
1618,test
4019,test
20365,test
9756,test
10368,test
8308,test
14082,test
9560,test
10541,test
5349,test
9200,test
22587,test
13333,test
18425,test
6044,test
15493,test
8898,test
19280,test
17527,test
23185,test
2032,test
19677,test
14197,test
23917,test
18529,test
2846,test
6812,test
11427,test
20288,test
12705,test
12870,test
19780,test
10777,test
23294,test
19318,test
4294,test
13731,test
9692,test
448,test
12130,test
8656,test
1920,test
21097,test
5223,test
12180,test
22784,test
3058,test
24304,test
23627,test
12487,test
14390,test
2423,test
10848,test
12509,test
11859,test
11583,test
22531,test
22321,test
15358,test
850,test
5721,test
19206,test
14208,test
18893,test
9365,test
8028,test
23874,test
7498,test
18976,test
17745,test
2586,test
8804,test
23448,test
11601,test
5219,test
1911,test
864,test
20702,test
21316,test
20738,test
11569,test
5117,test
16357,test
11400,test
6933,test
12682,test
12029,test
8695,test
15388,test
20305,test
21607,test
10879,test
6515,test
7777,test
760,test
4756,test
5341,test
18581,test
2365,test
9630,test
7120,test
17894,test
16672,test
9576,test
10116,test
391,test
9680,test
14649,test
13328,test
9499,test
21832,test
3758,test
11954,test
17450,test
11394,test
8141,test
18618,test
13564,test
3460,test
1156,test
23001,test
8611,test
21823,test
5394,test
1029,test
9936,test
831,test
2122,test
19559,test
10688,test
14796,test
11644,test
10831,test
14291,test
11214,test
19369,test
24710,test
2519,test
21361,test
6131,test
17008,test
2398,test
18132,test
20801,test
19995,test
22373,test
22544,test
17825,test
13049,test
14909,test
18903,test
3644,test
14749,test
5122,test
5181,test
10440,test
3311,test
9318,test
15038,test
13920,test
21432,test
24542,test
22459,test
7910,test
9705,test
19981,test
10741,test
7845,test
2823,test
20524,test
11274,test
8448,test
23462,test
21321,test
7032,test
12620,test
22179,test
6834,test
9035,test
3181,test
4147,test
6045,test
20002,test
23972,test
16002,test
23659,test
16495,test
160,test
12931,test
19855,test
2602,test
23819,test
20705,test
16164,test
18650,test
7025,test
13655,test
6442,test
16369,test
24328,test
21601,test
19611,test
3612,test
13153,test
23606,test
7781,test
225,test
3611,test
19685,test
23406,test
3616,test
10015,test
12293,test
11716,test
7763,test
9007,test
7674,test
12414,test
8592,test
21677,test
7801,test
16920,test
12132,test
13550,test
8418,test
11522,test
22921,test
21678,test
15130,test
6214,test
15431,test
14192,test
6967,test
19063,test
24088,test
582,test
11994,test
773,test
22280,test
12160,test
1479,test
23691,test
3947,test
12496,test
22292,test
17455,test
22865,test
10606,test
11306,test
13676,test
918,test
22031,test
7618,test
22472,test
1832,test
2727,test
1062,test
11076,test
2897,test
12604,test
3216,test
12197,test
531,test
3512,test
10573,test
14790,test
2575,test
14563,test
13057,test
14252,test
3390,test
13645,test
8010,test
4316,test
16222,test
11137,test
24762,test
24193,test
1858,test
9080,test
10142,test
19371,test
2031,test
2623,test
16108,test
13570,test
14733,test
5678,test
24497,test
21418,test
4846,test
2151,test
18196,test
19438,test
22329,test
3717,test
9148,test
5404,test
12510,test
6166,test
18045,test
4256,test
2782,test
24018,test
12057,test
15008,test
11607,test
18026,test
7054,test
23127,test
811,test
12135,test
3483,test
4656,test
2480,test
9734,test
1215,test
10847,test
8858,test
1398,test
16971,test
3921,test
808,test
11880,test
22822,test
19638,test
14500,test
23211,test
18503,test
10435,test
4394,test
5017,test
23014,test
959,test
19462,test
23839,test
22892,test
6770,test
13078,test
21262,test
7551,test
17646,test
20499,test
4770,test
4488,test
17730,test
10851,test
14565,test
6340,test
9341,test
9149,test
9655,test
5331,test
6112,test
9986,test
6985,test
18178,test
192,test
19217,test
24126,test
24345,test
21349,test
21370,test
8958,test
18776,test
24476,test
19940,test
22470,test
12997,test
1700,test
371,test
757,test
4777,test
14338,test
24531,test
24086,test
22766,test
18284,test
20906,test
7584,test
15071,test
583,test
19393,test
7310,test
13586,test
7298,test
618,test
8808,test
239,test
20643,test
18679,test
4502,test
15593,test
7235,test
20166,test
21686,test
9144,test
20270,test
8824,test
20587,test
23369,test
6199,test
12332,test
23553,test
13697,test
15544,test
14133,test
22041,test
8433,test
14886,test
657,test
24627,test
16182,test
24380,test
5519,test
1811,test
8485,test
5089,test
21996,test
10748,test
5732,test
23642,test
6946,test
4473,test
1870,test
13239,test
9003,test
22926,test
20180,test
8284,test
3105,test
5293,test
19592,test
18644,test
22108,test
12254,test
24468,test
3707,test
10627,test
10075,test
2596,test
3385,test
5451,test
19227,test
5377,test
9385,test
8466,test
10903,test
24413,test
11283,test
73,test
3645,test
2943,test
8165,test
3278,test
23304,test
24222,test
15185,test
9069,test
22812,test
24021,test
13699,test
6735,test
18689,test
3010,test
3859,test
9456,test
4798,test
4996,test
16725,test
21535,test
18678,test
8219,test
17042,test
14947,test
6917,test
18208,test
2344,test
20512,test
20958,test
12064,test
12525,test
15505,test
10537,test
2923,test
14618,test
15264,test
4555,test
22704,test
1499,test
8593,test
17252,test
18239,test
12002,test
11292,test
2499,test
21595,test
12588,test
22986,test
22314,test
9942,test
1714,test
4369,test
9447,test
14897,test
18212,test
6908,test
5483,test
19403,test
14340,test
2359,test
3182,test
1629,test
17803,test
3469,test
9122,test
13272,test
24612,test
23803,test
2380,test
356,test
1265,test
19655,test
3160,test
24208,test
9460,test
9605,test
22081,test
4382,test
13141,test
8098,test
24266,test
193,test
11018,test
4911,test
8342,test
19929,test
24734,test
19365,test
19111,test
13007,test
17137,test
2084,test
6109,test
8140,test
262,test
8707,test
11608,test
23761,test
13928,test
7176,test
6353,test
11383,test
15451,test
21007,test
3777,test
20354,test
280,test
24572,test
19859,test
22105,test
21367,test
8795,test
14319,test
13270,test
23067,test
19563,test
12331,test
4168,test
16473,test
15658,test
23518,test
12916,test
5177,test
17570,test
19123,test
972,test
19253,test
20062,test
6041,test
14461,test
554,test
9952,test
18063,test
14658,test
8019,test
19643,test
4253,test
18384,test
23791,test
3542,test
15138,test
24722,test
3552,test
20097,test
12541,test
6104,test
6895,test
13337,test
14757,test
3026,test
15134,test
20573,test
21313,test
3701,test
9575,test
1957,test
814,test
3515,test
6671,test
19767,test
569,test
19282,test
2508,test
5044,test
20067,test
22771,test
1054,test
11420,test
22835,test
22438,test
17458,test
411,test
8700,test
23695,test
11064,test
4332,test
2301,test
1518,test
24661,test
7368,test
24732,test
9848,test
16560,test
826,test
17126,test
18168,test
5568,test
22899,test
17093,test
1360,test
9128,test
3639,test
5994,test
19853,test
2592,test
143,test
8233,test
4236,test
20735,test
23348,test
22205,test
12841,test
23678,test
5793,test
23557,test
23438,test
10981,test
8125,test
6673,test
7821,test
24074,test
4193,test
23526,test
21320,test
527,test
12580,test
20275,test
2339,test
16674,test
17895,test
13229,test
21900,test
3749,test
12599,test
9915,test
22161,test
12041,test
13594,test
16693,test
16921,test
21670,test
21611,test
13156,test
8617,test
17471,test
429,test
17326,test
23365,test
23071,test
12437,test
19218,test
14847,test
13514,test
6210,test
3354,test
18082,test
22943,test
2780,test
20664,test
8865,test
13292,test
20248,test
791,test
17296,test
12763,test
12356,test
6617,test
13877,test
13581,test
14689,test
14729,test
5326,test
3664,test
8919,test
15632,test
8884,test
15782,test
10699,test
12221,test
98,test
8334,test
16128,test
11924,test
20814,test
20439,test
24336,test
13350,test
6494,test
670,test
11365,test
3125,test
16067,test
16727,test
17212,test
1250,test
17625,test
1874,test
12044,test
18663,test
23683,test
10787,test
6587,test
6517,test
9016,test
24619,test
17715,test
21357,test
23748,test
13299,test
18577,test
23111,test
23834,test
8589,test
23371,test
4923,test
21360,test
24454,test
23101,test
6892,test
17828,test
5260,test
22673,test
3498,test
9523,test
7893,test
14548,test
23004,test
1497,test
2598,test
16332,test
11139,test
10379,test
21628,test
1375,test
16197,test
9759,test
6903,test
4771,test
6080,test
15206,test
17615,test
6744,test
24718,test
17,test
19338,test
4154,test
24263,test
16392,test
3739,test
1489,test
5356,test
9598,test
4103,test
19508,test
20663,test
18869,test
10985,test
18575,test
6688,test
13945,test
15799,test
20056,test
956,test
13290,test
12920,test
12893,test
17881,test
287,test
7754,test
15817,test
19727,test
10417,test
24569,test
5058,test
24002,test
14769,test
15376,test
18324,test
13714,test
11198,test
4995,test
19346,test
3110,test
6168,test
20610,test
14434,test
22737,test
3021,test
24754,test
3895,test
18352,test
5006,test
12924,test
18935,test
14030,test
20422,test
23143,test
333,test
18651,test
15558,test
14043,test
9470,test
6128,test
6554,test
12143,test
11163,test
16122,test
2095,test
6759,test
18554,test
8818,test
6314,test
19537,test
24144,test
15815,test
741,test
14146,test
17396,test
4379,test
21176,test
16364,test
6333,test
21835,test
20894,test
8684,test
4866,test
20424,test
13541,test
1907,test
21911,test
24325,test
11178,test
8123,test
16905,test
4286,test
20356,test
4303,test
10713,test
5608,test
7975,test
10114,test
23317,test
1214,test
21012,test
12562,test
12241,test
13330,test
14207,test
5284,test
13985,test
19426,test
9290,test
17062,test
21703,test
21103,test
17632,test
20260,test
20379,test
20658,test
20254,test
17886,test
6530,test
8158,test
7623,test
18295,test
7793,test
23125,test
11632,test
4663,test
16104,test
13289,test
15367,test
9092,test
14314,test
11958,test
17189,test
4450,test
24180,test
13953,test
19506,test
11778,test
15998,test
17622,test
4582,test
734,test
18856,test
10973,test
6750,test
7303,test
10767,test
5521,test
14248,test
17721,test
7274,test
22623,test
14724,test
5921,test
19326,test
2571,test
11318,test
16890,test
20865,test
7834,test
12246,test
622,test
1649,test
21219,test
14916,test
2879,test
22155,test
23970,test
10133,test
16860,test
7285,test
8541,test
22409,test
2433,test
21959,test
10866,test
15106,test
19452,test
17006,test
10657,test
20454,test
15245,test
11966,test
1400,test
4465,test
6125,test
6373,test
16925,test
14533,test
13558,test
6792,test
16211,test
11962,test
6647,test
8350,test
23272,test
21129,test
17846,test
16900,test
18502,test
15578,test
22182,test
128,test
21402,test
23103,test
1186,test
13741,test
5075,test
6568,test
17438,test
5064,test
18616,test
10849,test
20567,test
19241,test
786,test
11557,test
7466,test
12262,test
62,test
7705,test
8562,test
7291,test
11528,test
17678,test
7890,test
11203,test
6052,test
22974,test
22445,test
2341,test
8505,test
16111,test
3303,test
21640,test
10972,test
526,test
2493,test
16647,test
23078,test
1750,test
14944,test
14772,test
709,test
10095,test
18945,test
3762,test
15403,test
18032,test
13159,test
8154,test
2402,test
24290,test
4191,test
16859,test
15638,test
9283,test
3633,test
421,test
4874,test
13543,test
23312,test
20051,test
6758,test
6181,test
3666,test
12182,test
21484,test
13426,test
19379,test
22626,test
5432,test
6315,test
22359,test
17775,test
13063,test
3787,test
17964,test
7191,test
3972,test
24415,test
675,test
9320,test
13524,test
14101,test
17214,test
8063,test
3915,test
18551,test
10171,test
12598,test
22608,test
4975,test
6190,test
24550,test
12238,test
268,test
16765,test
11745,test
8113,test
15252,test
6960,test
10796,test
3250,test
10220,test
22322,test
2272,test
24743,test
2608,test
10235,test
12120,test
9604,test
15440,test
11574,test
14875,test
8770,test
24562,test
19710,test
10074,test
4825,test
16340,test
3133,test
14573,test
1548,test
20733,test
22957,test
12859,test
813,test
18783,test
15814,test
14234,test
14258,test
21977,test
22217,test
19007,test
2523,test
1393,test
3467,test
7157,test
17454,test
1440,test
20408,test
5351,test
146,test
8151,test
4914,test
23916,test
19041,test
7371,test
4271,test
7795,test
7358,test
18380,test
969,test
6643,test
7726,test
10141,test
8658,test
4231,test
18704,test
2185,test
16642,test
6194,test
17935,test
13260,test
16284,test
19755,test
10574,test
23842,test
4930,test
13593,test
1120,test
23196,test
13938,test
6123,test
10251,test
12226,test
11662,test
16442,test
13914,test
829,test
1946,test
16234,test
18252,test
5832,test
20727,test
15807,test
14344,test
4989,test
3380,test
8701,test
17765,test
15265,test
13151,test
10455,test
5589,test
19751,test
10327,test
23098,test
1813,test
17733,test
9538,test
5100,test
22721,test
19977,test
12304,test
13413,test
3087,test
10675,test
9407,test
20318,test
18309,test
20036,test
24536,test
7663,test
19952,test
11942,test
10416,test
24741,test
19,test
15900,test
4165,test
12159,test
